Workbook

Sheet Information

Sheet SensorData
A1: SensorID | B1: LocationIdentifier | C1: Label | D1: Parameter | E1: ParameterUnit | F1: Type of measurement | G1: GapTolerance | H1: Instrument | I1: DataOwner | J1: Hilfsspalte | K1: TimeSeriesUniqueID | L1: UTC
A2: 10000 | B2: Ecosense_Meteo_Parking | C2: +170cm | D2: BatteryVoltage | E2: =IF(ISBLANK(D2),"-",VLOOKUP(D2,Parameter!$B$5:$D$160,3,FALSE)) -> V | F2: Min | G2: =IF(ISBLANK(B2),"-","PT60M") -> PT60M | H2: CR1000 | I2: AndreasChristen_A4 | J2: =B2&C2&D2 -> Ecosense_Meteo_Parking+170cmBatteryVoltage | K2: =VLOOKUP(J2,[1]TimeSeriesIDs!$A:$E,5,FALSE) -> b57ff40172524a6992efb8704f305613 | L2: 1
A3: 10001 | B3: Ecosense_Meteo_Parking | C3: +200cm | D3: AirTemp | E3: =IF(ISBLANK(D3),"-",VLOOKUP(D3,Parameter!$B$5:$D$160,3,FALSE)) -> degC | F3: Selected Value | G3: =IF(ISBLANK(B3),"-","PT60M") -> PT60M | H3: HygroVUE5 | I3: AndreasChristen_A4 | J3: =B3&C3&D3 -> Ecosense_Meteo_Parking+200cmAirTemp | K3: =VLOOKUP(J3,[1]TimeSeriesIDs!$A:$E,5,FALSE) -> 6619fb72da304df089e7d81488891097 | L3: 1
A4: 10001 | B4: Ecosense_Meteo_Parking | C4: +200cm | D4: RelHumidity | E4: =IF(ISBLANK(D4),"-",VLOOKUP(D4,Parameter!$B$5:$D$160,3,FALSE)) -> % | F4: Selected Value | G4: =IF(ISBLANK(B4),"-","PT60M") -> PT60M | H4: HygroVUE5 | I4: AndreasChristen_A4 | J4: =B4&C4&D4 -> Ecosense_Meteo_Parking+200cmRelHumidity | K4: =VLOOKUP(J4,[1]TimeSeriesIDs!$A:$E,5,FALSE) -> 67c68aba126d49c58f5bcbe734b32d34 | L4: 1
A5: 10002 | B5: Ecosense_Meteo_Parking | C5: +150cm | D5: LongwaveNetRad | E5: =IF(ISBLANK(D5),"-",VLOOKUP(D5,Parameter!$B$5:$D$160,3,FALSE)) -> W/m^2 | F5: Selected Value | G5: =IF(ISBLANK(B5),"-","PT60M") -> PT60M | H5: CNR4 | I5: AndreasChristen_A4 | J5: =B5&C5&D5 -> Ecosense_Meteo_Parking+150cmLongwaveNetRad | K5: =VLOOKUP(J5,[1]TimeSeriesIDs!$A:$E,5,FALSE) -> 04f226f7c9e34c87bf6ae02162b73118 | L5: 1
A6: 10002 | B6: Ecosense_Meteo_Parking | C6: +150cm | D6: NetRad | E6: =IF(ISBLANK(D6),"-",VLOOKUP(D6,Parameter!$B$5:$D$160,3,FALSE)) -> W/m^2 | F6: Selected Value | G6: =IF(ISBLANK(B6),"-","PT60M") -> PT60M | H6: CNR4 | I6: AndreasChristen_A4 | J6: =B6&C6&D6 -> Ecosense_Meteo_Parking+150cmNetRad | K6: =VLOOKUP(J6,[1]TimeSeriesIDs!$A:$E,5,FALSE) -> 510cd6c1fee4441098da0c3802262753 | L6: 1
A7: 10002 | B7: Ecosense_Meteo_Parking | C7: +150cm | D7: ShortwaveRad | E7: =IF(ISBLANK(D7),"-",VLOOKUP(D7,Parameter!$B$5:$D$160,3,FALSE)) -> W/m^2 | F7: Selected Value | G7: =IF(ISBLANK(B7),"-","PT60M") -> PT60M | H7: CNR4 | I7: AndreasChristen_A4 | J7: =B7&C7&D7 -> Ecosense_Meteo_Parking+150cmShortwaveRad | K7: =VLOOKUP(J7,[1]TimeSeriesIDs!$A:$E,5,FALSE) -> 5e28da786fe44dab99294e12d5041a55 | L7: 1
A8: 10002 | B8: Ecosense_Meteo_Parking | C8: +150cm | D8: RefShortwaveRad | E8: =IF(ISBLANK(D8),"-",VLOOKUP(D8,Parameter!$B$5:$D$160,3,FALSE)) -> W/m^2 | F8: Selected Value | G8: =IF(ISBLANK(B8),"-","PT60M") -> PT60M | H8: CNR4 | I8: AndreasChristen_A4 | J8: =B8&C8&D8 -> Ecosense_Meteo_Parking+150cmRefShortwaveRad | K8: =VLOOKUP(J8,[1]TimeSeriesIDs!$A:$E,5,FALSE) -> 76e84e4b1e614cd8b76a6233fe73fe00 | L8: 1
A9: 10002 | B9: Ecosense_Meteo_Parking | C9: +150cm | D9: RefLongwaveRad | E9: =IF(ISBLANK(D9),"-",VLOOKUP(D9,Parameter!$B$5:$D$160,3,FALSE)) -> W/m^2 | F9: Selected Value | G9: =IF(ISBLANK(B9),"-","PT60M") -> PT60M | H9: CNR4 | I9: AndreasChristen_A4 | J9: =B9&C9&D9 -> Ecosense_Meteo_Parking+150cmRefLongwaveRad | K9: =VLOOKUP(J9,[1]TimeSeriesIDs!$A:$E,5,FALSE) -> 8062ac5049164776bef8d8afd914e30b | L9: 1
A10: 10002 | B10: Ecosense_Meteo_Parking | C10: +150cm | D10: Albedo | E10: =IF(ISBLANK(D10),"-",VLOOKUP(D10,Parameter!$B$5:$D$160,3,FALSE)) -> % | F10: Selected Value | G10: =IF(ISBLANK(B10),"-","PT60M") -> PT60M | H10: CNR4 | I10: AndreasChristen_A4 | J10: =B10&C10&D10 -> Ecosense_Meteo_Parking+150cmAlbedo | K10: =VLOOKUP(J10,[1]TimeSeriesIDs!$A:$E,5,FALSE) -> d97b8945ae9f453dad091b4a591b0ee2 | L10: 1
A11: 10002 | B11: Ecosense_Meteo_Parking | C11: +150cm | D11: LongwaveRad | E11: =IF(ISBLANK(D11),"-",VLOOKUP(D11,Parameter!$B$5:$D$160,3,FALSE)) -> W/m^2 | F11: Selected Value | G11: =IF(ISBLANK(B11),"-","PT60M") -> PT60M | H11: CNR4 | I11: AndreasChristen_A4 | J11: =B11&C11&D11 -> Ecosense_Meteo_Parking+150cmLongwaveRad | K11: =VLOOKUP(J11,[1]TimeSeriesIDs!$A:$E,5,FALSE) -> dd93db183e8a48098bb5f78567dc6a1d | L11: 1
A12: 10002 | B12: Ecosense_Meteo_Parking | C12: +150cm | D12: InternalTemp | E12: =IF(ISBLANK(D12),"-",VLOOKUP(D12,Parameter!$B$5:$D$160,3,FALSE)) -> degC | F12: Selected Value | G12: =IF(ISBLANK(B12),"-","PT60M") -> PT60M | H12: CNR4 | I12: AndreasChristen_A4 | J12: =B12&C12&D12 -> Ecosense_Meteo_Parking+150cmInternalTemp | K12: =VLOOKUP(J12,[1]TimeSeriesIDs!$A:$E,5,FALSE) -> e41a67651c844a099adc80e561891591 | L12: 1
A13: 10002 | B13: Ecosense_Meteo_Parking | C13: +150cm | D13: LongwaveRadTc | E13: =IF(ISBLANK(D13),"-",VLOOKUP(D13,Parameter!$B$5:$D$160,3,FALSE)) -> W/m^2 | F13: Selected Value | G13: =IF(ISBLANK(B13),"-","PT60M") -> PT60M | H13: CNR4 | I13: AndreasChristen_A4 | J13: =B13&C13&D13 -> Ecosense_Meteo_Parking+150cmLongwaveRadTc | K13: =VLOOKUP(J13,[1]TimeSeriesIDs!$A:$E,5,FALSE) -> e597dcfbb21c4ad69702514afe21375b | L13: 1
... A15: 10002 | B15: Ecosense_Meteo_Parking | C15: +150cm | D15: ShortwaveNetRad | E15: =IF(ISBLANK(D15),"-",VLOOKUP(D15,Parameter!$B$5:$D$160,3,FALSE)) -> W/m^2 | F15: Selected Value | G15: =IF(ISBLANK(B15),"-","PT60M") -> PT60M | H15: CNR4 | I15: AndreasChristen_A4 | J15: =B15&C15&D15 -> Ecosense_Meteo_Parking+150cmShortwaveNetRad | K15: =VLOOKUP(J15,[1]TimeSeriesIDs!$A:$E,5,FALSE) -> fe3a43f0958c4ca7af2fb2e8fd46e165 | L15: 1
A16: 10003 | B16: Ecosense_Meteo_Parking | C16: +300cm | D16: WindDiagnosticCode | E16: None | F16: Selected Value | G16: =IF(ISBLANK(B16),"-","PT60M") -> PT60M | H16: WindSonic | I16: AndreasChristen_A4 | J16: =B16&C16&D16 -> Ecosense_Meteo_Parking+300cmWindDiagnosticCode | K16: =VLOOKUP(J16,[1]TimeSeriesIDs!$A:$E,5,FALSE) -> 2c5677f79ad24ccfbaceebd540cc71b8 | L16: 1
A17: 10003 | B17: Ecosense_Meteo_Parking | C17: +300cm | D17: WindDir | E17: =IF(ISBLANK(D17),"-",VLOOKUP(D17,Parameter!$B$5:$D$160,3,FALSE)) -> deg | F17: Selected Value | G17: =IF(ISBLANK(B17),"-","PT60M") -> PT60M | H17: WindSonic | I17: AndreasChristen_A4 | J17: =B17&C17&D17 -> Ecosense_Meteo_Parking+300cmWindDir | K17: =VLOOKUP(J17,[1]TimeSeriesIDs!$A:$E,5,FALSE) -> 94b3d66bdc8b4e85ba6637c576755ee9 | L17: 1
A18: 10003 | B18: Ecosense_Meteo_Parking | C18: +300cm | D18: WindVel | E18: =IF(ISBLANK(D18),"-",VLOOKUP(D18,Parameter!$B$5:$D$160,3,FALSE)) -> m/s | F18: Selected Value | G18: =IF(ISBLANK(B18),"-","PT60M") -> PT60M | H18: WindSonic | I18: AndreasChristen_A4 | J18: =B18&C18&D18 -> Ecosense_Meteo_Parking+300cmWindVel | K18: =VLOOKUP(J18,[1]TimeSeriesIDs!$A:$E,5,FALSE) -> e4c77f99fe4b4544aa6b6338e6ea9018 | L18: 1
A19: 10004 | B19: Ecosense_Meteo_Parking | C19: +100cm | D19: PrecipIncrem | E19: =IF(ISBLANK(D19),"-",VLOOKUP(D19,Parameter!$B$5:$D$160,3,FALSE)) -> mm | F19: Sum | G19: =IF(ISBLANK(B19),"-","PT60M") -> PT60M | H19: TippingBucket | I19: AndreasChristen_A4 | J19: =B19&C19&D19 -> Ecosense_Meteo_Parking+100cmPrecipIncrem | K19: =VLOOKUP(J19,[1]TimeSeriesIDs!$A:$E,5,FALSE) -> bc2f8007500e421ab2e3574ee3fcdc40 | L19: 1
A20: 10005 | B20: Ecosense_MainTower | C20: ground | D20: SoilTemp | E20: degC | F20: Selected Value | G20: =IF(ISBLANK(B20),"-","PT60M") -> PT60M | H20: CS107 | I20: MarkusSulzer_A4 | J20: =B20&C20&D20 -> Ecosense_MainTowergroundSoilTemp | K20: =VLOOKUP(J20,[1]TimeSeriesIDs!$A:$E,5,FALSE) -> e8d883dad4224ddc906f40afb0a3a4af | L20: 0
A21: 10006 | B21: Ecosense_MainTower | C21: ground | D21: SoilHeatFlux | E21: W/m^2 | F21: Selected Value | G21: =IF(ISBLANK(B21),"-","PT60M") -> PT60M | H21: HFP01SC-L | I21: MarkusSulzer_A4 | J21: =B21&C21&D21 -> Ecosense_MainTowergroundSoilHeatFlux | K21: =VLOOKUP(J21,[1]TimeSeriesIDs!$A:$E,5,FALSE) -> 27d2bae26f5644bcaae47010c9a51836 | L21: 0
A22: 10006 | B22: Ecosense_MainTower | C22: ground | D22: SoilHeatFlux_Volt | E22: mV | F22: Selected Value | G22: =IF(ISBLANK(B22),"-","PT60M") -> PT60M | H22: HFP01SC-L | I22: MarkusSulzer_A4 | J22: =B22&C22&D22 -> Ecosense_MainTowergroundSoilHeatFlux_Volt | K22: =VLOOKUP(J22,[1]TimeSeriesIDs!$A:$E,5,FALSE) -> 4f1657b50f9b430682c6550a3390991f | L22: 0
A23: 10007 | B23: Ecosense_MainTower | C23: +2m | D23: AtmosPres | E23: kPa | F23: Selected Value | G23: =IF(ISBLANK(B23),"-","PT60M") -> PT60M | H23: BaroVUE10 | I23: MarkusSulzer_A4 | J23: =B23&C23&D23 -> Ecosense_MainTower+2mAtmosPres | K23: =VLOOKUP(J23,[1]TimeSeriesIDs!$A:$E,5,FALSE) -> 2e9aaade5d4b474f884c6c3804b29a50 | L23: 0
A24: 10007 | B24: Ecosense_MainTower | C24: +2m | D24: InternalTemp | E24: degC | F24: Selected Value | G24: =IF(ISBLANK(B24),"-","PT60M") -> PT60M | H24: BaroVUE10 | I24: MarkusSulzer_A4 | J24: =B24&C24&D24 -> Ecosense_MainTower+2mInternalTemp | K24: =VLOOKUP(J24,[1]TimeSeriesIDs!$A:$E,5,FALSE) -> 9985ab8834394bb8b5b608177ce364ad | L24: 0
A25: 10007 | B25: Ecosense_MainTower | C25: +2m | D25: Diagnosticcode | E25: None | F25: Selected Value | G25: =IF(ISBLANK(B25),"-","PT60M") -> PT60M | H25: BaroVUE10 | I25: MarkusSulzer_A4 | J25: =B25&C25&D25 -> Ecosense_MainTower+2mDiagnosticcode | K25: =VLOOKUP(J25,[1]TimeSeriesIDs!$A:$E,5,FALSE) -> fd89c530be354bcfabea41fd7c725b97 | L25: 0
A26: 10008 | B26: Ecosense_MainTower | C26: +47m | D26: WindDir_Volt | E26: mV | F26: Mean | G26: =IF(ISBLANK(B26),"-","PT60M") -> PT60M | H26: Young05103 | I26: MarkusSulzer_A4 | J26: =B26&C26&D26 -> Ecosense_MainTower+47mWindDir_Volt | K26: =VLOOKUP(J26,[1]TimeSeriesIDs!$A:$E,5,FALSE) -> 0c3bd96824c445bbabf8f0ebc43f0383 | L26: 0
A27: 10008 | B27: Ecosense_MainTower | C27: +47m | D27: WindGustVel | E27: m/s | F27: Max | G27: =IF(ISBLANK(B27),"-","PT60M") -> PT60M | H27: Young05103 | I27: MarkusSulzer_A4 | J27: =B27&C27&D27 -> Ecosense_MainTower+47mWindGustVel | K27: =VLOOKUP(J27,[1]TimeSeriesIDs!$A:$E,5,FALSE) -> 2f65d3ea10c4485291af951316860d6a | L27: 0
A28: 10008 | B28: Ecosense_MainTower | C28: +47m_from 21.06.2024 (sensor adjustment) | D28: WindDir | E28: deg | F28: Mean | G28: =IF(ISBLANK(B28),"-","PT60M") -> PT60M | H28: Young05103 | I28: MarkusSulzer_A4 | J28: =B28&C28&D28 -> Ecosense_MainTower+47m_from 21.06.2024 (sensor adjustment)WindDir | K28: =VLOOKUP(J28,[1]TimeSeriesIDs!$A:$E,5,FALSE) -> 4b8947eee2e94e40bbc8b3a2a1fef97e | L28: 0
A29: 10008 | B29: Ecosense_MainTower | C29: +47m | D29: Count | E29: None | F29: Sum | G29: =IF(ISBLANK(B29),"-","PT60M") -> PT60M | H29: Young52202 | I29: MarkusSulzer_A4 | J29: =B29&C29&D29 -> Ecosense_MainTower+47mCount | K29: =VLOOKUP(J29,[1]TimeSeriesIDs!$A:$E,5,FALSE) -> 529bef176f674e5bbf6ffab705b4af16 | L29: 0
A30: 10008 | B30: Ecosense_MainTower | C30: +47m | D30: WindVel | E30: m/s | F30: Mean | G30: =IF(ISBLANK(B30),"-","PT60M") -> PT60M | H30: Young05103 | I30: MarkusSulzer_A4 | J30: =B30&C30&D30 -> Ecosense_MainTower+47mWindVel | K30: =VLOOKUP(J30,[1]TimeSeriesIDs!$A:$E,5,FALSE) -> 8c45de0335b94199b3bd183deceea056 | L30: 0
A31: 10009 | B31: Ecosense_MainTower | C31: +2m | D31: VPDAVG | E31: hPa | F31: Mean | G31: =IF(ISBLANK(B31),"-","PT60M") -> PT60M | H31: HygroVUE10 | I31: MarkusSulzer_A4 | J31: =B31&C31&D31 -> Ecosense_MainTower+2mVPDAVG | K31: =VLOOKUP(J31,[1]TimeSeriesIDs!$A:$E,5,FALSE) -> 059cbc8fd49a48c09286168a25301b4e | L31: 0
... A213: 10039 | B213: Ecosense_MainTower | C213: +47m_SunTracker_direct | D213: ShortwaveRad_in | E213: W/m^2 | F213: Mean | G213: =IF(ISBLANK(B213),"-","PT60M") -> PT60M | H213: CHP 1 | I213: MarkusSulzer_A4 | J213: =B213&C213&D213 -> Ecosense_MainTower+47m_SunTracker_directShortwaveRad_in | K213: =VLOOKUP(J213,[1]TimeSeriesIDs!$A:$E,5,FALSE) -> 28022e50d0b24df1b6d351c5263b372e | L213: 0
A214: 10039 | B214: Ecosense_MainTower | C214: +47m_SunTracker | D214: InternalTemp | E214: =IF(ISBLANK(D214),"-",VLOOKUP(D214,[2]Parameter!$B$5:$D$160,3,FALSE)) -> degC | F214: Mean | G214: =IF(ISBLANK(B214),"-","PT60M") -> PT60M | H214: CHP 1 | I214: MarkusSulzer_A4 | J214: =B214&C214&D214 -> Ecosense_MainTower+47m_SunTrackerInternalTemp | K214: =VLOOKUP(J214,[1]TimeSeriesIDs!$A:$E,5,FALSE) -> 954eb229a0f44ecf881b67a8a95e4849 | L214: 0
A215: 10039 | B215: Ecosense_MainTower | C215: +47m_SunTracker_direct | D215: ShortwaveRad_in_Volt | E215: mV | F215: Mean | G215: =IF(ISBLANK(B215),"-","PT60M") -> PT60M | H215: CHP 1 | I215: MarkusSulzer_A4 | J215: =B215&C215&D215 -> Ecosense_MainTower+47m_SunTracker_directShortwaveRad_in_Volt | K215: =VLOOKUP(J215,[1]TimeSeriesIDs!$A:$E,5,FALSE) -> e17d55ddcdb547d78763bbc5fcd44d39 | L215: 0
A216: 10040 | B216: Ecosense_MainTower | C216: +47m_SunTracker_2 | D216: InternalTemp | E216: =IF(ISBLANK(D216),"-",VLOOKUP(D216,[2]Parameter!$B$5:$D$160,3,FALSE)) -> degC | F216: Mean | G216: =IF(ISBLANK(B216),"-","PT60M") -> PT60M | H216: CG 1 | I216: MarkusSulzer_A4 | J216: =B216&C216&D216 -> Ecosense_MainTower+47m_SunTracker_2InternalTemp | K216: =VLOOKUP(J216,[1]TimeSeriesIDs!$A:$E,5,FALSE) -> cac5b33c9bd94edfa5b860078f8e3d75 | L216: 0
A217: 10040 | B217: Ecosense_MainTower | C217: +47m_SunTracker_shaded | D217: LongwaveRad_in_Volt | E217: mV | F217: Mean | G217: =IF(ISBLANK(B217),"-","PT60M") -> PT60M | H217: CG 1 | I217: MarkusSulzer_A4 | J217: =B217&C217&D217 -> Ecosense_MainTower+47m_SunTracker_shadedLongwaveRad_in_Volt | K217: =VLOOKUP(J217,[1]TimeSeriesIDs!$A:$E,5,FALSE) -> d84cbd49d89a4ac1b6dfd9485078fc17 | L217: 0
A218: 10040 | B218: Ecosense_MainTower | C218: +47m_SunTracker_shaded | D218: LongwaveRad_in | E218: W/m^2 | F218: Mean | G218: =IF(ISBLANK(B218),"-","PT60M") -> PT60M | H218: CG 1 | I218: MarkusSulzer_A4 | J218: =B218&C218&D218 -> Ecosense_MainTower+47m_SunTracker_shadedLongwaveRad_in | K218: =VLOOKUP(J218,[1]TimeSeriesIDs!$A:$E,5,FALSE) -> fd1c2ad326ab44b4bb70066d15e1517e | L218: 0
A219: 10041 | B219: Ecosense_MainTower | C219: +27m | D219: PrecMovTot1hr | E219: mm/hr | F219: Sum | G219: =IF(ISBLANK(B219),"-","PT60M") -> PT60M | H219: Davis tippping bucket | I219: MarkusSulzer_A4 | J219: =B219&C219&D219 -> Ecosense_MainTower+27mPrecMovTot1hr | K219: =VLOOKUP(J219,[1]TimeSeriesIDs!$A:$E,5,FALSE) -> 6bbdef61207440afbc44dac3072edebb | L219: 0
A220: 10041 | B220: Ecosense_MainTower | C220: +27m | D220: PrecipIncrem | E220: mm | F220: Sum | G220: =IF(ISBLANK(B220),"-","PT60M") -> PT60M | H220: Davis tippping bucket | I220: MarkusSulzer_A4 | J220: =B220&C220&D220 -> Ecosense_MainTower+27mPrecipIncrem | K220: =VLOOKUP(J220,[1]TimeSeriesIDs!$A:$E,5,FALSE) -> e440d29a725c47a3b574fbb14a761afd | L220: 0
A221: 10042 | B221: Ecosense_MainTower | C221: Ceilometer_DetectionStatus | D221: Diagnosticcode | E221: None | F221: Selected Value | G221: =IF(ISBLANK(B221),"-","PT60M") -> PT60M | H221: CL31; 0=clear sky, 1=1 layer of clouds, 2=2 layers of clouds, 3=3 layers of clouds, 4=limited visibility due to fog, low clouds, or heavy rain | I221: MarkusSulzer_A4 | J221: =B221&C221&D221 -> Ecosense_MainTowerCeilometer_DetectionStatusDiagnosticcode | K221: =VLOOKUP(J221,[1]TimeSeriesIDs!$A:$E,5,FALSE) -> 82b9d0506e414c90b97ff87d40346522 | L221: 0
A222: 10042 | B222: Ecosense_MainTower | C222: Ceilometer_CloudBaseHeight_1 | D222: Distance | E222: m | F222: Selected Value | G222: =IF(ISBLANK(B222),"-","PT60M") -> PT60M | H222: CL31 | I222: MarkusSulzer_A4 | J222: =B222&C222&D222 -> Ecosense_MainTowerCeilometer_CloudBaseHeight_1Distance | K222: =VLOOKUP(J222,[1]TimeSeriesIDs!$A:$E,5,FALSE) -> ed29088fe84c4e5a9ef022536763f8af | L222: 0
A223: 10042 | B223: Ecosense_MainTower | C223: Ceilometer_CloudBaseHeight_2 | D223: Distance | E223: m | F223: Selected Value | G223: =IF(ISBLANK(B223),"-","PT60M") -> PT60M | H223: CL31 | I223: MarkusSulzer_A4 | J223: =B223&C223&D223 -> Ecosense_MainTowerCeilometer_CloudBaseHeight_2Distance | K223: =VLOOKUP(J223,[1]TimeSeriesIDs!$A:$E,5,FALSE) -> 87ebaa992eaa450680a6bfb6bb197ea2 | L223: 0
A224: 10042 | B224: Ecosense_MainTower | C224: Ceilometer_CloudBaseHeight_3 | D224: Distance | E224: m | F224: Selected Value | G224: =IF(ISBLANK(B224),"-","PT60M") -> PT60M | H224: CL31 | I224: MarkusSulzer_A4 | J224: =B224&C224&D224 -> Ecosense_MainTowerCeilometer_CloudBaseHeight_3Distance | K224: =VLOOKUP(J224,[1]TimeSeriesIDs!$A:$E,5,FALSE) -> bccb439db7124e7f9ec807afa56dfaf3 | L224: 0
A225: 10042 | B225: Ecosense_MainTower | C225: Ceilometer_VerticalVisibility | D225: Visibility | E225: m | F225: Selected Value | G225: =IF(ISBLANK(B225),"-","PT60M") -> PT60M | H225: CL31 | I225: MarkusSulzer_A4 | J225: =B225&C225&D225 -> Ecosense_MainTowerCeilometer_VerticalVisibilityVisibility | K225: =VLOOKUP(J225,[1]TimeSeriesIDs!$A:$E,5,FALSE) -> 5f206d01ae184811951fa23fcd31070a | L225: 0
A226: 30035 | B226: Ecosense_Experiment_Scaffold | C226: underScaffold | D226: AirTemp | E226: =IF(ISBLANK(D226),"-",VLOOKUP(D226,Parameter!$B$5:$D$160,3,FALSE)) -> degC | F226: Selected Value | G226: =IF(ISBLANK(B226),"-","PT60M") -> PT60M | H226: - | I226: StefanieDumberger_A3_ClaraStock_B1 | J226: =B226&C226&D226 -> Ecosense_Experiment_ScaffoldunderScaffoldAirTemp | K226: =VLOOKUP(J226,[1]TimeSeriesIDs!$A:$E,5,FALSE) -> a9a9402ca0ef4c1b8f29eaa419ea24eb | L226: 1
A227: 30036 | B227: Ecosense_Experiment_Scaffold | C227: underScaffold | D227: RelHumidity | E227: =IF(ISBLANK(D227),"-",VLOOKUP(D227,Parameter!$B$5:$D$160,3,FALSE)) -> % | F227: Selected Value | G227: =IF(ISBLANK(B227),"-","PT60M") -> PT60M | H227: - | I227: StefanieDumberger_A3_ClaraStock_B1 | J227: =B227&C227&D227 -> Ecosense_Experiment_ScaffoldunderScaffoldRelHumidity | K227: =VLOOKUP(J227,[1]TimeSeriesIDs!$A:$E,5,FALSE) -> aeef7317d90c49338e5f640353eaeb13 | L227: 1
A228: 30037 | B228: Ecosense_Experiment_Scaffold | C228: underScaffold | D228: PhotosyntheticPhotonFluxDensity | E228: µmol/m^2s | F228: Selected Value | G228: =IF(ISBLANK(B228),"-","PT60M") -> PT60M | H228: - | I228: StefanieDumberger_A3_ClaraStock_B1 | J228: =B228&C228&D228 -> Ecosense_Experiment_ScaffoldunderScaffoldPhotosyntheticPhotonFluxDensity | K228: =VLOOKUP(J228,[1]TimeSeriesIDs!$A:$E,5,FALSE) -> 3d3aa38aa4fc4e91924e3cb187522356 | L228: 1
A229: 30038 | B229: Ecosense_Experiment_Scaffold | C229: openAir | D229: AirTemp | E229: =IF(ISBLANK(D229),"-",VLOOKUP(D229,Parameter!$B$5:$D$160,3,FALSE)) -> degC | F229: Selected Value | G229: =IF(ISBLANK(B229),"-","PT60M") -> PT60M | H229: - | I229: StefanieDumberger_A3_ClaraStock_B1 | J229: =B229&C229&D229 -> Ecosense_Experiment_ScaffoldopenAirAirTemp | K229: =VLOOKUP(J229,[1]TimeSeriesIDs!$A:$E,5,FALSE) -> 893dc3b3941245298005cf7ae4e72ae0 | L229: 1
A230: 30039 | B230: Ecosense_Experiment_Scaffold | C230: openAir | D230: RelHumidity | E230: =IF(ISBLANK(D230),"-",VLOOKUP(D230,Parameter!$B$5:$D$160,3,FALSE)) -> % | F230: Selected Value | G230: =IF(ISBLANK(B230),"-","PT60M") -> PT60M | H230: - | I230: StefanieDumberger_A3_ClaraStock_B1 | J230: =B230&C230&D230 -> Ecosense_Experiment_ScaffoldopenAirRelHumidity | K230: =VLOOKUP(J230,[1]TimeSeriesIDs!$A:$E,5,FALSE) -> e36a8ad7082640498c421299b0cdf753 | L230: 1
A231: 30040 | B231: Ecosense_Experiment_Scaffold | C231: DouglasFir_Pure_168_Drought | D231: StemRadialVar_Volt | E231: mV | F231: Selected Value | G231: =IF(ISBLANK(B231),"-","PT60M") -> PT60M | H231: Dendrometer (self-build) | I231: StefanieDumberger_A3_ClaraStock_B1 | J231: =B231&C231&D231 -> Ecosense_Experiment_ScaffoldDouglasFir_Pure_168_DroughtStemRadialVar_Volt | K231: =VLOOKUP(J231,[1]TimeSeriesIDs!$A:$E,5,FALSE) -> 7ff3b9df0df14d42b5194ba429d7161e | L231: 1
A232: 30041 | B232: Ecosense_Experiment_Scaffold | C232: DouglasFir_Mixed_156_Control | D232: StemRadialVar_Volt | E232: mV | F232: Selected Value | G232: =IF(ISBLANK(B232),"-","PT60M") -> PT60M | H232: Dendrometer (self-build) | I232: StefanieDumberger_A3_ClaraStock_B1 | J232: =B232&C232&D232 -> Ecosense_Experiment_ScaffoldDouglasFir_Mixed_156_ControlStemRadialVar_Volt | K232: =VLOOKUP(J232,[1]TimeSeriesIDs!$A:$E,5,FALSE) -> 9358bd0098da46c287fd5359f2795116 | L232: 1
A233: 30042 | B233: Ecosense_Experiment_Scaffold | C233: Beech_Mixed_167_Control | D233: StemRadialVar_Volt | E233: mV | F233: Selected Value | G233: =IF(ISBLANK(B233),"-","PT60M") -> PT60M | H233: Dendrometer (self-build) | I233: StefanieDumberger_A3_ClaraStock_B1 | J233: =B233&C233&D233 -> Ecosense_Experiment_ScaffoldBeech_Mixed_167_ControlStemRadialVar_Volt | K233: =VLOOKUP(J233,[1]TimeSeriesIDs!$A:$E,5,FALSE) -> fc2dbf895b4b44a19941f6fc57876c28 | L233: 1
A234: 30043 | B234: Ecosense_Experiment_Scaffold | C234: Beech_Mixed_172_Control | D234: StemRadialVar_Volt | E234: mV | F234: Selected Value | G234: =IF(ISBLANK(B234),"-","PT60M") -> PT60M | H234: Dendrometer (self-build) | I234: StefanieDumberger_A3_ClaraStock_B1 | J234: =B234&C234&D234 -> Ecosense_Experiment_ScaffoldBeech_Mixed_172_ControlStemRadialVar_Volt | K234: =VLOOKUP(J234,[1]TimeSeriesIDs!$A:$E,5,FALSE) -> 8562209d0f3b4e5a8395ecf5a73aa213 | L234: 1
A235: 30044 | B235: Ecosense_Experiment_Scaffold | C235: DouglasFir_Mixed_80_Control | D235: StemRadialVar_Volt | E235: mV | F235: Selected Value | G235: =IF(ISBLANK(B235),"-","PT60M") -> PT60M | H235: Dendrometer (self-build) | I235: StefanieDumberger_A3_ClaraStock_B1 | J235: =B235&C235&D235 -> Ecosense_Experiment_ScaffoldDouglasFir_Mixed_80_ControlStemRadialVar_Volt | K235: =VLOOKUP(J235,[1]TimeSeriesIDs!$A:$E,5,FALSE) -> ce9c9e5ca59143f783df7a9ec08b568e | L235: 1
A236: 30045 | B236: Ecosense_Experiment_Scaffold | C236: Beech_Pure_165_Control | D236: StemRadialVar_Volt | E236: mV | F236: Selected Value | G236: =IF(ISBLANK(B236),"-","PT60M") -> PT60M | H236: Dendrometer (self-build) | I236: StefanieDumberger_A3_ClaraStock_B1 | J236: =B236&C236&D236 -> Ecosense_Experiment_ScaffoldBeech_Pure_165_ControlStemRadialVar_Volt | K236: =VLOOKUP(J236,[1]TimeSeriesIDs!$A:$E,5,FALSE) -> 1602453872ac417c9fdb1d2d849d7427 | L236: 1
A237: 30046 | B237: Ecosense_Experiment_Scaffold | C237: DouglasFir_Mixed_165_Drought | D237: StemRadialVar_Volt | E237: mV | F237: Selected Value | G237: =IF(ISBLANK(B237),"-","PT60M") -> PT60M | H237: Dendrometer (self-build) | I237: StefanieDumberger_A3_ClaraStock_B1 | J237: =B237&C237&D237 -> Ecosense_Experiment_ScaffoldDouglasFir_Mixed_165_DroughtStemRadialVar_Volt | K237: =VLOOKUP(J237,[1]TimeSeriesIDs!$A:$E,5,FALSE) -> 644143ab419f462e8e7d6dec3a0fc9f5 | L237: 1
A238: 30047 | B238: Ecosense_Experiment_Scaffold | C238: DouglasFir_Pure_172_Control | D238: StemRadialVar_Volt | E238: mV | F238: Selected Value | G238: =IF(ISBLANK(B238),"-","PT60M") -> PT60M | H238: Dendrometer (self-build) | I238: StefanieDumberger_A3_ClaraStock_B1 | J238: =B238&C238&D238 -> Ecosense_Experiment_ScaffoldDouglasFir_Pure_172_ControlStemRadialVar_Volt | K238: =VLOOKUP(J238,[1]TimeSeriesIDs!$A:$E,5,FALSE) -> 5658032ab77b4ecba84584ca1d1b5615 | L238: 1
A239: 30048 | B239: Ecosense_Experiment_Scaffold | C239: Beech_Mixed_145_Drought | D239: StemRadialVar_Volt | E239: mV | F239: Selected Value | G239: =IF(ISBLANK(B239),"-","PT60M") -> PT60M | H239: Dendrometer (self-build) | I239: StefanieDumberger_A3_ClaraStock_B1 | J239: =B239&C239&D239 -> Ecosense_Experiment_ScaffoldBeech_Mixed_145_DroughtStemRadialVar_Volt | K239: =VLOOKUP(J239,[1]TimeSeriesIDs!$A:$E,5,FALSE) -> 4eaf5a07c50348a6b3a369974c34cac8 | L239: 1
A240: 30049 | B240: Ecosense_Experiment_Scaffold | C240: Beech_Pure_130_Control | D240: StemRadialVar_Volt | E240: mV | F240: Selected Value | G240: =IF(ISBLANK(B240),"-","PT60M") -> PT60M | H240: Dendrometer (self-build) | I240: StefanieDumberger_A3_ClaraStock_B1 | J240: =B240&C240&D240 -> Ecosense_Experiment_ScaffoldBeech_Pure_130_ControlStemRadialVar_Volt | K240: =VLOOKUP(J240,[1]TimeSeriesIDs!$A:$E,5,FALSE) -> 1a69576646614d9b806a82eb138058db | L240: 1
A241: 30050 | B241: Ecosense_Experiment_Scaffold | C241: Beech_Pure_133_Control | D241: StemRadialVar_Volt | E241: mV | F241: Selected Value | G241: =IF(ISBLANK(B241),"-","PT60M") -> PT60M | H241: Dendrometer (self-build) | I241: StefanieDumberger_A3_ClaraStock_B1 | J241: =B241&C241&D241 -> Ecosense_Experiment_ScaffoldBeech_Pure_133_ControlStemRadialVar_Volt | K241: =VLOOKUP(J241,[1]TimeSeriesIDs!$A:$E,5,FALSE) -> 8f986e24653b4782ab6a6113774cfc1f | L241: 1
A242: 30051 | B242: Ecosense_Experiment_Scaffold | C242: Beech_Pure_138_Drought | D242: StemRadialVar_Volt | E242: mV | F242: Selected Value | G242: =IF(ISBLANK(B242),"-","PT60M") -> PT60M | H242: Dendrometer (self-build) | I242: StefanieDumberger_A3_ClaraStock_B1 | J242: =B242&C242&D242 -> Ecosense_Experiment_ScaffoldBeech_Pure_138_DroughtStemRadialVar_Volt | K242: =VLOOKUP(J242,[1]TimeSeriesIDs!$A:$E,5,FALSE) -> 3268da5ecbf44dab97b77381594833a5 | L242: 1
A243: 30052 | B243: Ecosense_DouglasFirPlot | C243: DouglasFir_Pure_1_Dendrometer | D243: StemRadialVar_Volt | E243: mV | F243: Selected Value | G243: =IF(ISBLANK(B243),"-","PT60M") -> PT60M | H243: Dendrometer (self-build) | I243: StefanieDumberger_A3 | J243: =B243&C243&D243 -> Ecosense_DouglasFirPlotDouglasFir_Pure_1_DendrometerStemRadialVar_Volt | K243: =VLOOKUP(J243,[1]TimeSeriesIDs!$A:$E,5,FALSE) -> 838114e3ced143ad831e390ad96ea6b8 | L243: 1
A244: 30052 | B244: Ecosense_DouglasFirPlot | C244: DouglasFir_Pure_1_Dendrometer_in_mm | D244: StemRadialVar | E244: mm | F244: Selected Value | G244: PT60M | H244: Dendrometer (self-build) | I244: StefanieDumberger_A3 | J244: =B244&C244&D244 -> Ecosense_DouglasFirPlotDouglasFir_Pure_1_Dendrometer_in_mmStemRadialVar | K244: =VLOOKUP(J244,[1]TimeSeriesIDs!$A:$E,5,FALSE) -> e1076cead473438bbe20d3d2901152e6 | L244: 1
A245: 30052 | B245: Ecosense_DouglasFirPlot | C245: DouglasFir_Pure_1_Dendrometer_in_µm | D245: StemRadialGrowth | E245: um | F245: Selected Value | G245: PT60M | H245: Dendrometer (self-build) | I245: StefanieDumberger_A3 | J245: =B245&C245&D245 -> Ecosense_DouglasFirPlotDouglasFir_Pure_1_Dendrometer_in_µmStemRadialGrowth | K245: =VLOOKUP(J245,[1]TimeSeriesIDs!$A:$E,5,FALSE) -> 35d75bddf9354ce7911f3082411d8970 | L245: 1
A246: 30052 | B246: Ecosense_DouglasFirPlot | C246: DouglasFir_Pure_1_Dendrometer_in_µm | D246: TreeWaterDeficit | E246: um | F246: Selected Value | G246: PT60M | H246: Dendrometer (self-build) | I246: StefanieDumberger_A3 | J246: =B246&C246&D246 -> Ecosense_DouglasFirPlotDouglasFir_Pure_1_Dendrometer_in_µmTreeWaterDeficit | K246: =VLOOKUP(J246,[1]TimeSeriesIDs!$A:$E,5,FALSE) -> e067a9d94c464e918e52e8ad3286ba46 | L246: 1
A247: 30053 | B247: Ecosense_DouglasFirPlot | C247: DouglasFir_Pure_2_Dendrometer | D247: StemRadialVar_Volt | E247: mV | F247: Selected Value | G247: =IF(ISBLANK(B247),"-","PT60M") -> PT60M | H247: Dendrometer (self-build) | I247: StefanieDumberger_A3 | J247: =B247&C247&D247 -> Ecosense_DouglasFirPlotDouglasFir_Pure_2_DendrometerStemRadialVar_Volt | K247: =VLOOKUP(J247,[1]TimeSeriesIDs!$A:$E,5,FALSE) -> c8c0ebff69e0416e89fa45dfe3b9582c | L247: 1
A248: 30053 | B248: Ecosense_DouglasFirPlot | C248: DouglasFir_Pure_2_Dendrometer_in_mm | D248: StemRadialVar | E248: mm | F248: Selected Value | G248: PT60M | H248: Dendrometer (self-build) | I248: StefanieDumberger_A3 | J248: =B248&C248&D248 -> Ecosense_DouglasFirPlotDouglasFir_Pure_2_Dendrometer_in_mmStemRadialVar | K248: =VLOOKUP(J248,[1]TimeSeriesIDs!$A:$E,5,FALSE) -> 5cb095a5c98b437e96399f68a617eebc | L248: 1
A249: 30053 | B249: Ecosense_DouglasFirPlot | C249: DouglasFir_Pure_2_Dendrometer_in_µm | D249: StemRadialGrowth | E249: um | F249: Selected Value | G249: PT60M | H249: Dendrometer (self-build) | I249: StefanieDumberger_A3 | J249: =B249&C249&D249 -> Ecosense_DouglasFirPlotDouglasFir_Pure_2_Dendrometer_in_µmStemRadialGrowth | K249: =VLOOKUP(J249,[1]TimeSeriesIDs!$A:$E,5,FALSE) -> afe7a49abbff4e5090c7de5c7daf19d8 | L249: 1
A250: 30054 | B250: Ecosense_DouglasFirPlot | C250: DouglasFir_Pure_3_Dendrometer | D250: StemRadialVar_Volt | E250: mV | F250: Selected Value | G250: =IF(ISBLANK(B250),"-","PT60M") -> PT60M | H250: Dendrometer (self-build) | I250: StefanieDumberger_A3 | J250: =B250&C250&D250 -> Ecosense_DouglasFirPlotDouglasFir_Pure_3_DendrometerStemRadialVar_Volt | K250: =VLOOKUP(J250,[1]TimeSeriesIDs!$A:$E,5,FALSE) -> 104973db47e7475d824be62536a38688 | L250: 1
A251: 30054 | B251: Ecosense_DouglasFirPlot | C251: DouglasFir_Pure_3_Dendrometer_in_mm | D251: StemRadialVar | E251: mm | F251: Selected Value | G251: PT60M | H251: Dendrometer (self-build) | I251: StefanieDumberger_A3 | J251: =B251&C251&D251 -> Ecosense_DouglasFirPlotDouglasFir_Pure_3_Dendrometer_in_mmStemRadialVar | K251: =VLOOKUP(J251,[1]TimeSeriesIDs!$A:$E,5,FALSE) -> 043ed719170c4c65b3a40b8dcf553ce4 | L251: 1
A252: 30054 | B252: Ecosense_DouglasFirPlot | C252: DouglasFir_Pure_3_Dendrometer_in_µm | D252: StemRadialGrowth | E252: um | F252: Selected Value | G252: PT60M | H252: Dendrometer (self-build) | I252: StefanieDumberger_A3 | J252: =B252&C252&D252 -> Ecosense_DouglasFirPlotDouglasFir_Pure_3_Dendrometer_in_µmStemRadialGrowth | K252: =VLOOKUP(J252,[1]TimeSeriesIDs!$A:$E,5,FALSE) -> c105bfd80dab43e7bfbcd7686fe9f6e5 | L252: 1
A253: 30054 | B253: Ecosense_DouglasFirPlot | C253: DouglasFir_Pure_3_Dendrometer_in_µm | D253: TreeWaterDeficit | E253: um | F253: Selected Value | G253: PT60M | H253: Dendrometer (self-build) | I253: StefanieDumberger_A3 | J253: =B253&C253&D253 -> Ecosense_DouglasFirPlotDouglasFir_Pure_3_Dendrometer_in_µmTreeWaterDeficit | K253: =VLOOKUP(J253,[1]TimeSeriesIDs!$A:$E,5,FALSE) -> c760ac87330a47acbd7ca8bc236117c8 | L253: 1
A254: 30055 | B254: Ecosense_DouglasFirPlot | C254: DouglasFir_Pure_4_Dendrometer | D254: StemRadialVar_Volt | E254: mV | F254: Selected Value | G254: =IF(ISBLANK(B254),"-","PT60M") -> PT60M | H254: Dendrometer (self-build) | I254: StefanieDumberger_A3 | J254: =B254&C254&D254 -> Ecosense_DouglasFirPlotDouglasFir_Pure_4_DendrometerStemRadialVar_Volt | K254: =VLOOKUP(J254,[1]TimeSeriesIDs!$A:$E,5,FALSE) -> e585a8eda20b40339aec67581129167a | L254: 1
A255: 30055 | B255: Ecosense_DouglasFirPlot | C255: DouglasFir_Pure_4_Dendrometer_in_mm | D255: StemRadialVar | E255: mm | F255: Selected Value | G255: PT60M | H255: Dendrometer (self-build) | I255: StefanieDumberger_A3 | J255: =B255&C255&D255 -> Ecosense_DouglasFirPlotDouglasFir_Pure_4_Dendrometer_in_mmStemRadialVar | K255: =VLOOKUP(J255,[1]TimeSeriesIDs!$A:$E,5,FALSE) -> 9bc124e4a1ff4f3f8c05b39ab61ec273 | L255: 1
A256: 30055 | B256: Ecosense_DouglasFirPlot | C256: DouglasFir_Pure_4_Dendrometer_in_µm | D256: StemRadialGrowth | E256: um | F256: Selected Value | G256: PT60M | H256: Dendrometer (self-build) | I256: StefanieDumberger_A3 | J256: =B256&C256&D256 -> Ecosense_DouglasFirPlotDouglasFir_Pure_4_Dendrometer_in_µmStemRadialGrowth | K256: =VLOOKUP(J256,[1]TimeSeriesIDs!$A:$E,5,FALSE) -> 244d4fa3fa574e2ab9df1087826758c2 | L256: 1
A257: 30055 | B257: Ecosense_DouglasFirPlot | C257: DouglasFir_Pure_4_Dendrometer_in_µm | D257: TreeWaterDeficit | E257: um | F257: Selected Value | G257: PT60M | H257: Dendrometer (self-build) | I257: StefanieDumberger_A3 | J257: =B257&C257&D257 -> Ecosense_DouglasFirPlotDouglasFir_Pure_4_Dendrometer_in_µmTreeWaterDeficit | K257: =VLOOKUP(J257,[1]TimeSeriesIDs!$A:$E,5,FALSE) -> 10e4e09f41b34800998ecc6585a0ad38 | L257: 1
A258: 30056 | B258: Ecosense_DouglasFirPlot | C258: DouglasFir_Pure_5_Dendrometer | D258: StemRadialVar_Volt | E258: mV | F258: Selected Value | G258: =IF(ISBLANK(B258),"-","PT60M") -> PT60M | H258: Dendrometer (self-build) | I258: StefanieDumberger_A3 | J258: =B258&C258&D258 -> Ecosense_DouglasFirPlotDouglasFir_Pure_5_DendrometerStemRadialVar_Volt | K258: =VLOOKUP(J258,[1]TimeSeriesIDs!$A:$E,5,FALSE) -> d8bb3367f1c540228c4e693d0abfb82b | L258: 1
A259: 30056 | B259: Ecosense_DouglasFirPlot | C259: DouglasFir_Pure_5_Dendrometer_in_mm | D259: StemRadialVar | E259: mm | F259: Selected Value | G259: PT60M | H259: Dendrometer (self-build) | I259: StefanieDumberger_A3 | J259: =B259&C259&D259 -> Ecosense_DouglasFirPlotDouglasFir_Pure_5_Dendrometer_in_mmStemRadialVar | K259: =VLOOKUP(J259,[1]TimeSeriesIDs!$A:$E,5,FALSE) -> d147cc2865f34172973c33da8df7c934 | L259: 1
A260: 30056 | B260: Ecosense_DouglasFirPlot | C260: DouglasFir_Pure_5_Dendrometer_in_µm | D260: StemRadialGrowth | E260: um | F260: Selected Value | G260: PT60M | H260: Dendrometer (self-build) | I260: StefanieDumberger_A3 | J260: =B260&C260&D260 -> Ecosense_DouglasFirPlotDouglasFir_Pure_5_Dendrometer_in_µmStemRadialGrowth | K260: =VLOOKUP(J260,[1]TimeSeriesIDs!$A:$E,5,FALSE) -> 7ce754e2d23e4e549ae28e227fef2db1 | L260: 1
A261: 30056 | B261: Ecosense_DouglasFirPlot | C261: DouglasFir_Pure_5_Dendrometer_in_µm | D261: TreeWaterDeficit | E261: um | F261: Selected Value | G261: PT60M | H261: Dendrometer (self-build) | I261: StefanieDumberger_A3 | J261: =B261&C261&D261 -> Ecosense_DouglasFirPlotDouglasFir_Pure_5_Dendrometer_in_µmTreeWaterDeficit | K261: =VLOOKUP(J261,[1]TimeSeriesIDs!$A:$E,5,FALSE) -> 788ce3c8d2ac4446a991560ef102aa61 | L261: 1
A262: 30057 | B262: Ecosense_DouglasFirPlot | C262: DouglasFir_Pure_6_Dendrometer | D262: StemRadialVar_Volt | E262: mV | F262: Selected Value | G262: =IF(ISBLANK(B262),"-","PT60M") -> PT60M | H262: Dendrometer (self-build) | I262: StefanieDumberger_A3 | J262: =B262&C262&D262 -> Ecosense_DouglasFirPlotDouglasFir_Pure_6_DendrometerStemRadialVar_Volt | K262: =VLOOKUP(J262,[1]TimeSeriesIDs!$A:$E,5,FALSE) -> 9f7087831c994e71a4aaa4f1049d2fcb | L262: 1
A263: 30057 | B263: Ecosense_DouglasFirPlot | C263: DouglasFir_Pure_6_Dendrometer_in_mm | D263: StemRadialVar | E263: mm | F263: Selected Value | G263: PT60M | H263: Dendrometer (self-build) | I263: StefanieDumberger_A3 | J263: =B263&C263&D263 -> Ecosense_DouglasFirPlotDouglasFir_Pure_6_Dendrometer_in_mmStemRadialVar | K263: =VLOOKUP(J263,[1]TimeSeriesIDs!$A:$E,5,FALSE) -> 812d02b6e58d4b0abd93d9d9cc34f8bf | L263: 1
A264: 30057 | B264: Ecosense_DouglasFirPlot | C264: DouglasFir_Pure_6_Dendrometer_in_µm | D264: StemRadialGrowth | E264: um | F264: Selected Value | G264: PT60M | H264: Dendrometer (self-build) | I264: StefanieDumberger_A3 | J264: =B264&C264&D264 -> Ecosense_DouglasFirPlotDouglasFir_Pure_6_Dendrometer_in_µmStemRadialGrowth | K264: =VLOOKUP(J264,[1]TimeSeriesIDs!$A:$E,5,FALSE) -> 9e518ae984184976b464dcabc23649ef | L264: 1
A265: 30057 | B265: Ecosense_DouglasFirPlot | C265: DouglasFir_Pure_6_Dendrometer_in_µm | D265: TreeWaterDeficit | E265: um | F265: Selected Value | G265: PT60M | H265: Dendrometer (self-build) | I265: StefanieDumberger_A3 | J265: =B265&C265&D265 -> Ecosense_DouglasFirPlotDouglasFir_Pure_6_Dendrometer_in_µmTreeWaterDeficit | K265: =VLOOKUP(J265,[1]TimeSeriesIDs!$A:$E,5,FALSE) -> 4904b23ffe8e4e199aa9833b6f29b30a | L265: 1
A266: 30058 | B266: Ecosense_MixedPlot | C266: DouglasFir_Mixed_5_Dendrometer | D266: StemRadialVar_Volt | E266: mV | F266: Selected Value | G266: =IF(ISBLANK(B266),"-","PT60M") -> PT60M | H266: Dendrometer (self-build) | I266: StefanieDumberger_A3 | J266: =B266&C266&D266 -> Ecosense_MixedPlotDouglasFir_Mixed_5_DendrometerStemRadialVar_Volt | K266: =VLOOKUP(J266,[1]TimeSeriesIDs!$A:$E,5,FALSE) -> 52e10799dbc247dcbbd60cdfdf738f2b | L266: 1
A267: 30058 | B267: Ecosense_MixedPlot | C267: DouglasFir_Mixed_5_Dendrometer_in_mm | D267: StemRadialVar | E267: mm | F267: Selected Value | G267: PT60M | H267: Dendrometer (self-build) | I267: StefanieDumberger_A3 | J267: =B267&C267&D267 -> Ecosense_MixedPlotDouglasFir_Mixed_5_Dendrometer_in_mmStemRadialVar | K267: =VLOOKUP(J267,[1]TimeSeriesIDs!$A:$E,5,FALSE) -> 84e5a5e497544138969f2612137651e4 | L267: 1
A268: 30058 | B268: Ecosense_MixedPlot | C268: DouglasFir_Mixed_5_Dendrometer_in_µm | D268: StemRadialGrowth | E268: um | F268: Selected Value | G268: PT60M | H268: Dendrometer (self-build) | I268: StefanieDumberger_A3 | J268: =B268&C268&D268 -> Ecosense_MixedPlotDouglasFir_Mixed_5_Dendrometer_in_µmStemRadialGrowth | K268: =VLOOKUP(J268,[1]TimeSeriesIDs!$A:$E,5,FALSE) -> bd9313818a46406999b030b41aa07dfa | L268: 1
A269: 30058 | B269: Ecosense_MixedPlot | C269: DouglasFir_Mixed_5_Dendrometer_in_µm | D269: TreeWaterDeficit | E269: um | F269: Selected Value | G269: PT60M | H269: Dendrometer (self-build) | I269: StefanieDumberger_A3 | J269: =B269&C269&D269 -> Ecosense_MixedPlotDouglasFir_Mixed_5_Dendrometer_in_µmTreeWaterDeficit | K269: =VLOOKUP(J269,[1]TimeSeriesIDs!$A:$E,5,FALSE) -> 0773b2d8710d407fb2059cfa4a38c223 | L269: 1
A270: 30059 | B270: Ecosense_MixedPlot | C270: DouglasFir_Mixed_4_Dendrometer | D270: StemRadialVar_Volt | E270: mV | F270: Selected Value | G270: =IF(ISBLANK(B270),"-","PT60M") -> PT60M | H270: Dendrometer (self-build) | I270: StefanieDumberger_A3 | J270: =B270&C270&D270 -> Ecosense_MixedPlotDouglasFir_Mixed_4_DendrometerStemRadialVar_Volt | K270: =VLOOKUP(J270,[1]TimeSeriesIDs!$A:$E,5,FALSE) -> 6e697f35d2e74afbb3c4338e5dfc35dd | L270: 1
A271: 30059 | B271: Ecosense_MixedPlot | C271: DouglasFir_Mixed_4_Dendrometer_in_mm | D271: StemRadialVar | E271: mm | F271: Selected Value | G271: PT60M | H271: Dendrometer (self-build) | I271: StefanieDumberger_A3 | J271: =B271&C271&D271 -> Ecosense_MixedPlotDouglasFir_Mixed_4_Dendrometer_in_mmStemRadialVar | K271: =VLOOKUP(J271,[1]TimeSeriesIDs!$A:$E,5,FALSE) -> e4a24d8579ec4739a7e10827969782df | L271: 1
A272: 30059 | B272: Ecosense_MixedPlot | C272: DouglasFir_Mixed_4_Dendrometer_in_µm | D272: StemRadialGrowth | E272: um | F272: Selected Value | G272: PT60M | H272: Dendrometer (self-build) | I272: StefanieDumberger_A3 | J272: =B272&C272&D272 -> Ecosense_MixedPlotDouglasFir_Mixed_4_Dendrometer_in_µmStemRadialGrowth | K272: =VLOOKUP(J272,[1]TimeSeriesIDs!$A:$E,5,FALSE) -> 91acb6d96eea4595b2ef656622b74809 | L272: 1
A273: 30059 | B273: Ecosense_MixedPlot | C273: DouglasFir_Mixed_4_Dendrometer_in_µm | D273: TreeWaterDeficit | E273: um | F273: Selected Value | G273: PT60M | H273: Dendrometer (self-build) | I273: StefanieDumberger_A3 | J273: =B273&C273&D273 -> Ecosense_MixedPlotDouglasFir_Mixed_4_Dendrometer_in_µmTreeWaterDeficit | K273: =VLOOKUP(J273,[1]TimeSeriesIDs!$A:$E,5,FALSE) -> 346dabbc370f4d7d9283a9e85315e967 | L273: 1
A274: 30060 | B274: Ecosense_MixedPlot | C274: Beech_Mixed_9_Dendrometer | D274: StemRadialVar_Volt | E274: mV | F274: Selected Value | G274: =IF(ISBLANK(B274),"-","PT60M") -> PT60M | H274: Dendrometer (self-build) | I274: StefanieDumberger_A3 | J274: =B274&C274&D274 -> Ecosense_MixedPlotBeech_Mixed_9_DendrometerStemRadialVar_Volt | K274: =VLOOKUP(J274,[1]TimeSeriesIDs!$A:$E,5,FALSE) -> bf2dc505ec784b7f9161cc1c6fc59427 | L274: 1
A275: 30060 | B275: Ecosense_MixedPlot | C275: Beech_Mixed_9_Dendrometer_in_mm | D275: StemRadialVar | E275: mm | F275: Selected Value | G275: PT60M | H275: Dendrometer (self-build) | I275: StefanieDumberger_A3 | J275: =B275&C275&D275 -> Ecosense_MixedPlotBeech_Mixed_9_Dendrometer_in_mmStemRadialVar | K275: =VLOOKUP(J275,[1]TimeSeriesIDs!$A:$E,5,FALSE) -> 76b14c17a6d14a3ebb7c609980ebed21 | L275: 1
A276: 30060 | B276: Ecosense_MixedPlot | C276: Beech_Mixed_9_Dendrometer_in_µm | D276: StemRadialGrowth | E276: um | F276: Selected Value | G276: PT60M | H276: Dendrometer (self-build) | I276: StefanieDumberger_A3 | J276: =B276&C276&D276 -> Ecosense_MixedPlotBeech_Mixed_9_Dendrometer_in_µmStemRadialGrowth | K276: =VLOOKUP(J276,[1]TimeSeriesIDs!$A:$E,5,FALSE) -> 41359677057f49e29b36031129c8cbbd | L276: 1
A277: 30061 | B277: Ecosense_MixedPlot | C277: DouglasFir_Mixed_1_Dendrometer | D277: StemRadialVar_Volt | E277: mV | F277: Selected Value | G277: =IF(ISBLANK(B277),"-","PT60M") -> PT60M | H277: Dendrometer (self-build) | I277: StefanieDumberger_A3 | J277: =B277&C277&D277 -> Ecosense_MixedPlotDouglasFir_Mixed_1_DendrometerStemRadialVar_Volt | K277: =VLOOKUP(J277,[1]TimeSeriesIDs!$A:$E,5,FALSE) -> 4617a190361e4a28a9315adea06b3823 | L277: 1
A278: 30061 | B278: Ecosense_MixedPlot | C278: DouglasFir_Mixed_1_Dendrometer_in_mm | D278: StemRadialVar | E278: mm | F278: Selected Value | G278: PT60M | H278: Dendrometer (self-build) | I278: StefanieDumberger_A3 | J278: =B278&C278&D278 -> Ecosense_MixedPlotDouglasFir_Mixed_1_Dendrometer_in_mmStemRadialVar | K278: =VLOOKUP(J278,[1]TimeSeriesIDs!$A:$E,5,FALSE) -> edf441ac227e401f93e5dca4d987a477 | L278: 1
A279: 30061 | B279: Ecosense_MixedPlot | C279: DouglasFir_Mixed_1_Dendrometer_in_µm | D279: StemRadialGrowth | E279: um | F279: Selected Value | G279: PT60M | H279: Dendrometer (self-build) | I279: StefanieDumberger_A3 | J279: =B279&C279&D279 -> Ecosense_MixedPlotDouglasFir_Mixed_1_Dendrometer_in_µmStemRadialGrowth | K279: =VLOOKUP(J279,[1]TimeSeriesIDs!$A:$E,5,FALSE) -> 17b493f62b8b4a5f8a8e0262186f9235 | L279: 1
A280: 30061 | B280: Ecosense_MixedPlot | C280: DouglasFir_Mixed_1_Dendrometer_in_µm | D280: TreeWaterDeficit | E280: um | F280: Selected Value | G280: PT60M | H280: Dendrometer (self-build) | I280: StefanieDumberger_A3 | J280: =B280&C280&D280 -> Ecosense_MixedPlotDouglasFir_Mixed_1_Dendrometer_in_µmTreeWaterDeficit | K280: =VLOOKUP(J280,[1]TimeSeriesIDs!$A:$E,5,FALSE) -> 8e9c98cf7d0c4aae9bfdc806de035d3e | L280: 1
A281: 30062 | B281: Ecosense_MixedPlot | C281: Beech_Mixed_5_Dendrometer_in_µm | D281: TreeWaterDeficit | E281: um | F281: Selected Value | G281: PT60M | H281: Dendrometer (self-build) | I281: StefanieDumberger_A3 | J281: =B281&C281&D281 -> Ecosense_MixedPlotBeech_Mixed_5_Dendrometer_in_µmTreeWaterDeficit | K281: =VLOOKUP(J281,[1]TimeSeriesIDs!$A:$E,5,FALSE) -> df1ed0bb516d4a279d9483b2369651bf | L281: 1
A282: 30062 | B282: Ecosense_MixedPlot | C282: Beech_Mixed_5_Dendrometer | D282: StemRadialVar_Volt | E282: mV | F282: Selected Value | G282: =IF(ISBLANK(B282),"-","PT60M") -> PT60M | H282: Dendrometer (self-build) | I282: StefanieDumberger_A3 | J282: =B282&C282&D282 -> Ecosense_MixedPlotBeech_Mixed_5_DendrometerStemRadialVar_Volt | K282: =VLOOKUP(J282,[1]TimeSeriesIDs!$A:$E,5,FALSE) -> 910a92bda0824b5f902092dede14922d | L282: 1
...

Sheet deadSensors
A1: SensorID | B1: LocationIdentifier | C1: Label | D1: Parameter | E1: ParameterUnit | F1: Type of measurement | G1: GapTolerance | H1: Instrument | I1: DataOwner | J1: Hilfsspalte | K1: TimeSeriesUniqueID
A2: 10007 | B2: Ecosense_MainTower | C2: +2m | D2: AtmosPresSeaLevel | E2: hPa | F2: Selected Value | G2: =IF(ISBLANK(B2),"-","PT60M") -> PT60M | H2: BaroVUE10 | I2: MarkusSulzer_A4 | J2: =B2&C2&D2 -> Ecosense_MainTower+2mAtmosPresSeaLevel | K2: =VLOOKUP(J2,[1]TimeSeriesIDs!$A:$E,5,FALSE) -> 979d92deec364d988649e5b0495e16b9
A3: 30000 | B3: Ecosense_Experiment_Scaffold | C3: TM1_DD_2023_raw | D3: SoilMoisture | E3: m^3/m^3 | F3: Selected Value | G3: =IF(ISBLANK(B3),"-","PT60M") -> PT60M | H3: 5TM | I3: StefanieDumberger_A3_ClaraStock_B1 | J3: =B3&C3&D3 -> Ecosense_Experiment_ScaffoldTM1_DD_2023_rawSoilMoisture | K3: c627490362ba4234bf8b2ba65d43f115
A4: 30001 | B4: Ecosense_Experiment_Scaffold | C4: TM2_FF_2023_raw | D4: SoilMoisture | E4: m^3/m^3 | F4: Selected Value | G4: =IF(ISBLANK(B4),"-","PT60M") -> PT60M | H4: 5TM | I4: StefanieDumberger_A3_ClaraStock_B1 | J4: =B4&C4&D4 -> Ecosense_Experiment_ScaffoldTM2_FF_2023_rawSoilMoisture | K4: c4c91cc946ca4810a9aa7dce2e536a8e
A5: 30002 | B5: Ecosense_Experiment_Scaffold | C5: TM3_BF_2023_raw | D5: SoilMoisture | E5: m^3/m^3 | F5: Selected Value | G5: =IF(ISBLANK(B5),"-","PT60M") -> PT60M | H5: 5TM | I5: StefanieDumberger_A3_ClaraStock_B1 | J5: =B5&C5&D5 -> Ecosense_Experiment_ScaffoldTM3_BF_2023_rawSoilMoisture | K5: 7f980961d75147efa87df711f91d3b74
A6: 30003 | B6: Ecosense_Experiment_Scaffold | C6: TM4_DD_2023_raw | D6: SoilMoisture | E6: m^3/m^3 | F6: Selected Value | G6: =IF(ISBLANK(B6),"-","PT60M") -> PT60M | H6: 5TM | I6: StefanieDumberger_A3_ClaraStock_B1 | J6: =B6&C6&D6 -> Ecosense_Experiment_ScaffoldTM4_DD_2023_rawSoilMoisture | K6: fb4942bfb49f4609bbdb95887c4ce943
A7: 30004 | B7: Ecosense_Experiment_Scaffold | C7: TM5_BB_2023_raw | D7: SoilMoisture | E7: m^3/m^3 | F7: Selected Value | G7: =IF(ISBLANK(B7),"-","PT60M") -> PT60M | H7: 5TM | I7: StefanieDumberger_A3_ClaraStock_B1 | J7: =B7&C7&D7 -> Ecosense_Experiment_ScaffoldTM5_BB_2023_rawSoilMoisture | K7: bca2bfa1ec82453f832d7fbd35ad92cd
A8: 30005 | B8: Ecosense_Experiment_Scaffold | C8: TM6_FF_2023_raw | D8: SoilMoisture | E8: m^3/m^3 | F8: Selected Value | G8: =IF(ISBLANK(B8),"-","PT60M") -> PT60M | H8: 5TM | I8: StefanieDumberger_A3_ClaraStock_B1 | J8: =B8&C8&D8 -> Ecosense_Experiment_ScaffoldTM6_FF_2023_rawSoilMoisture | K8: a60bbfa83b094c7d8f93ec12dc26981d
A9: 30006 | B9: Ecosense_Experiment_Scaffold | C9: TM7_BF_2023_raw | D9: SoilMoisture | E9: m^3/m^3 | F9: Selected Value | G9: =IF(ISBLANK(B9),"-","PT60M") -> PT60M | H9: 5TM | I9: StefanieDumberger_A3_ClaraStock_B1 | J9: =B9&C9&D9 -> Ecosense_Experiment_ScaffoldTM7_BF_2023_rawSoilMoisture | K9: d4b5a2c6403149f293d8c9d04c52b4b4
A10: 30007 | B10: Ecosense_Experiment_Scaffold | C10: TM8_BB_2023_raw | D10: SoilMoisture | E10: m^3/m^3 | F10: Selected Value | G10: =IF(ISBLANK(B10),"-","PT60M") -> PT60M | H10: 5TM | I10: StefanieDumberger_A3_ClaraStock_B1 | J10: =B10&C10&D10 -> Ecosense_Experiment_ScaffoldTM8_BB_2023_rawSoilMoisture | K10: c44a11d468c34ae3bbdd6b41286f0059
A11: 30008 | B11: Ecosense_Experiment_Scaffold | C11: TM9_DD_2023_raw | D11: SoilMoisture | E11: m^3/m^3 | F11: Selected Value | G11: =IF(ISBLANK(B11),"-","PT60M") -> PT60M | H11: 5TM | I11: StefanieDumberger_A3_ClaraStock_B1 | J11: =B11&C11&D11 -> Ecosense_Experiment_ScaffoldTM9_DD_2023_rawSoilMoisture | K11: 1376c39cbee24a75ba3babea793749e0
A12: 30009 | B12: Ecosense_Experiment_Scaffold | C12: TM10_FF_2023_raw | D12: SoilMoisture | E12: m^3/m^3 | F12: Selected Value | G12: =IF(ISBLANK(B12),"-","PT60M") -> PT60M | H12: 5TM | I12: StefanieDumberger_A3_ClaraStock_B1 | J12: =B12&C12&D12 -> Ecosense_Experiment_ScaffoldTM10_FF_2023_rawSoilMoisture | K12: 43f4530303f34f82af379fffd9226426
A13: 30010 | B13: Ecosense_Experiment_Scaffold | C13: TM11_DD_2023_raw | D13: SoilMoisture | E13: m^3/m^3 | F13: Selected Value | G13: =IF(ISBLANK(B13),"-","PT60M") -> PT60M | H13: 5TM | I13: StefanieDumberger_A3_ClaraStock_B1 | J13: =B13&C13&D13 -> Ecosense_Experiment_ScaffoldTM11_DD_2023_rawSoilMoisture | K13: 63d56a8ade994cf288298a4df94dddec
A14: 30011 | B14: Ecosense_Experiment_Scaffold | C14: TM12_DD_2023_raw | D14: SoilMoisture | E14: m^3/m^3 | F14: Selected Value | G14: =IF(ISBLANK(B14),"-","PT60M") -> PT60M | H14: 5TM | I14: StefanieDumberger_A3_ClaraStock_B1 | J14: =B14&C14&D14 -> Ecosense_Experiment_ScaffoldTM12_DD_2023_rawSoilMoisture | K14: 11d20c76bb0947ceabae17272dafffb4
... A37: 30034 | B37: Ecosense_Experiment_Scaffold | C37: GS14_FF_2023_raw | D37: SoilMoisture | E37: m^3/m^3 | F37: Selected Value | G37: =IF(ISBLANK(B37),"-","PT60M") -> PT60M | H37: GS1 | I37: StefanieDumberger_A3_ClaraStock_B1 | J37: =B37&C37&D37 -> Ecosense_Experiment_ScaffoldGS14_FF_2023_rawSoilMoisture | K37: 03182e1be56e4e49b5005fa487984aec
A38: 30099 | B38: wurde fälschlicherweise vergeben, aber zeitnah korrigiert | G38: =IF(ISBLANK(B38),"-","PT60M") -> PT60M | J38: =B38&C38&D38 -> wurde fälschlicherweise vergeben, aber zeitnah korrigiert | K38: #N/A
A39: 30101 | B39: Ecosense_Experiment_Scaffold | C39: TM1_BF_2024_raw | D39: SoilMoisture | E39: m^3/m^3 | F39: Selected Value | G39: =IF(ISBLANK(B39),"-","PT60M") -> PT60M | H39: 5TM | I39: StefanieDumberger_A3_ClaraStock_B1 | J39: =B39&C39&D39 -> Ecosense_Experiment_ScaffoldTM1_BF_2024_rawSoilMoisture | K39: ef87ee512f734b079fe952e41ebfb155
A40: 30102 | B40: Ecosense_Experiment_Scaffold | C40: TM2_BB_2024_raw | D40: SoilMoisture | E40: m^3/m^3 | F40: Selected Value | G40: =IF(ISBLANK(B40),"-","PT60M") -> PT60M | H40: 5TM | I40: StefanieDumberger_A3_ClaraStock_B1 | J40: =B40&C40&D40 -> Ecosense_Experiment_ScaffoldTM2_BB_2024_rawSoilMoisture | K40: d7b7ef8272a44243856dbd7bc6e8e253
A41: 30103 | B41: Ecosense_Experiment_Scaffold | C41: TM4_BB_2024_raw | D41: SoilMoisture | E41: m^3/m^3 | F41: Selected Value | G41: =IF(ISBLANK(B41),"-","PT60M") -> PT60M | H41: 5TM | I41: StefanieDumberger_A3_ClaraStock_B1 | J41: =B41&C41&D41 -> Ecosense_Experiment_ScaffoldTM4_BB_2024_rawSoilMoisture | K41: 573f5bdf73404b65871e596ba8e4f62f
A42: 30104 | B42: Ecosense_Experiment_Scaffold | C42: TM5_DD_2024_raw | D42: SoilMoisture | E42: m^3/m^3 | F42: Selected Value | G42: =IF(ISBLANK(B42),"-","PT60M") -> PT60M | H42: 5TM | I42: StefanieDumberger_A3_ClaraStock_B1 | J42: =B42&C42&D42 -> Ecosense_Experiment_ScaffoldTM5_DD_2024_rawSoilMoisture | K42: 18990c9b077c4a33921b3b026e0aff4e
A43: 30105 | B43: Ecosense_Experiment_Scaffold | C43: TM6_BD_2024_raw | D43: SoilMoisture | E43: m^3/m^3 | F43: Selected Value | G43: =IF(ISBLANK(B43),"-","PT60M") -> PT60M | H43: 5TM | I43: StefanieDumberger_A3_ClaraStock_B1 | J43: =B43&C43&D43 -> Ecosense_Experiment_ScaffoldTM6_BD_2024_rawSoilMoisture | K43: dc73e86336ed4506b7a30e343114c32c
A44: 30106 | B44: Ecosense_Experiment_Scaffold | C44: TM7_DD_2024_raw | D44: SoilMoisture | E44: m^3/m^3 | F44: Selected Value | G44: =IF(ISBLANK(B44),"-","PT60M") -> PT60M | H44: 5TM | I44: StefanieDumberger_A3_ClaraStock_B1 | J44: =B44&C44&D44 -> Ecosense_Experiment_ScaffoldTM7_DD_2024_rawSoilMoisture | K44: 87978ec3b8f84972b5b91e84e1a04eb3
A45: 30107 | B45: Ecosense_Experiment_Scaffold | C45: TM8_BB_2024_raw | D45: SoilMoisture | E45: m^3/m^3 | F45: Selected Value | G45: =IF(ISBLANK(B45),"-","PT60M") -> PT60M | H45: 5TM | I45: StefanieDumberger_A3_ClaraStock_B1 | J45: =B45&C45&D45 -> Ecosense_Experiment_ScaffoldTM8_BB_2024_rawSoilMoisture | K45: 6ec514e7faa94753a90e29b4fe2ec758
A46: 30108 | B46: Ecosense_Experiment_Scaffold | C46: TM9_DD_2024_raw | D46: SoilMoisture | E46: m^3/m^3 | F46: Selected Value | G46: =IF(ISBLANK(B46),"-","PT60M") -> PT60M | H46: 5TM | I46: StefanieDumberger_A3_ClaraStock_B1 | J46: =B46&C46&D46 -> Ecosense_Experiment_ScaffoldTM9_DD_2024_rawSoilMoisture | K46: 110776cbf1524fbd8b067814daca3e99
A47: 30109 | B47: Ecosense_Experiment_Scaffold | C47: TM10_DD_2024_raw | D47: SoilMoisture | E47: m^3/m^3 | F47: Selected Value | G47: =IF(ISBLANK(B47),"-","PT60M") -> PT60M | H47: 5TM | I47: StefanieDumberger_A3_ClaraStock_B1 | J47: =B47&C47&D47 -> Ecosense_Experiment_ScaffoldTM10_DD_2024_rawSoilMoisture | K47: 815b75450eb3413bb5b19f3ec05df8ee
A48: 30110 | B48: Ecosense_Experiment_Scaffold | C48: TM11_BF_2024_raw | D48: SoilMoisture | E48: m^3/m^3 | F48: Selected Value | G48: =IF(ISBLANK(B48),"-","PT60M") -> PT60M | H48: 5TM | I48: StefanieDumberger_A3_ClaraStock_B1 | J48: =B48&C48&D48 -> Ecosense_Experiment_ScaffoldTM11_BF_2024_rawSoilMoisture | K48: 000f84f99fbd428586588c3f25472ce3
A49: 30111 | B49: Ecosense_Experiment_Scaffold | C49: TM12_BF_2024_raw | D49: SoilMoisture | E49: m^3/m^3 | F49: Selected Value | G49: =IF(ISBLANK(B49),"-","PT60M") -> PT60M | H49: 5TM | I49: StefanieDumberger_A3_ClaraStock_B1 | J49: =B49&C49&D49 -> Ecosense_Experiment_ScaffoldTM12_BF_2024_rawSoilMoisture | K49: a183e40a1f0f46718d82ad7f53ff539c
A50: 30112 | B50: Ecosense_Experiment_Scaffold | C50: TM13_BF_2024_raw | D50: SoilMoisture | E50: m^3/m^3 | F50: Selected Value | G50: =IF(ISBLANK(B50),"-","PT60M") -> PT60M | H50: 5TM | I50: StefanieDumberger_A3_ClaraStock_B1 | J50: =B50&C50&D50 -> Ecosense_Experiment_ScaffoldTM13_BF_2024_rawSoilMoisture | K50: 513f28d9781c401ab6241ab7a4626248
... A68: 30130 | B68: Ecosense_Experiment_Scaffold | C68: GS13_BF_2024_raw | D68: SoilMoisture | E68: m^3/m^3 | F68: Selected Value | G68: =IF(ISBLANK(B68),"-","PT60M") -> PT60M | H68: GS1 | I68: StefanieDumberger_A3_ClaraStock_B1 | J68: =B68&C68&D68 -> Ecosense_Experiment_ScaffoldGS13_BF_2024_rawSoilMoisture | K68: d1a45550be3a470e94df7978175982b4
A69: 30131 | B69: Ecosense_Experiment_Scaffold | C69: GS14_BF_2024_raw | D69: SoilMoisture | E69: m^3/m^3 | F69: Selected Value | G69: =IF(ISBLANK(B69),"-","PT60M") -> PT60M | H69: GS1 | I69: StefanieDumberger_A3_ClaraStock_B1 | J69: =B69&C69&D69 -> Ecosense_Experiment_ScaffoldGS14_BF_2024_rawSoilMoisture | K69: 68649108eeb441d299bcccb38f0831bf | L69: 0
A70: 30143 | B70: Ecosense_DouglasFirPlot | C70: DouglasFir_Pure_2_StemWaterPotential | D70: BarPressure | E70: bar | F70: Selected Value | G70: =IF(ISBLANK(B70),"-","PT60M") -> PT60M | H70: FloraPulse_Tensiometer | I70: StefanieDumberger_A3 | J70: =B70&C70&D70 -> Ecosense_DouglasFirPlotDouglasFir_Pure_2_StemWaterPotentialBarPressure | K70: =VLOOKUP(J70,[1]TimeSeriesIDs!$A:$E,5,FALSE) -> 867b583049b6496eba968ade1265297f | L70: 0
A71: 50001 | B71: Ecosense_Soil_Intensive_Plot_1 | C71: Beech_18_depth025cm_dist070cm_W | D71: SoilCO2 | E71: ppm | F71: Selected Value | G71: =IF(ISBLANK(B71),"-","PT60M") -> PT60M | H71: VaisalaCO2Probe | I71: JulianBrzozon_A1 | J71: =B71&C71&D71 -> Ecosense_Soil_Intensive_Plot_1Beech_18_depth025cm_dist070cm_WSoilCO2 | K71: #N/A | L71: 0
A72: 50001 | B72: Ecosense_Soil_Intensive_Plot_1 | C72: Beech_18_depth025cm_dist070cm_W | D72: SoilTemp | E72: degC | F72: Selected Value | G72: =IF(ISBLANK(B72),"-","PT60M") -> PT60M | H72: VaisalaCO2Probe | I72: JulianBrzozon_A1 | J72: =B72&C72&D72 -> Ecosense_Soil_Intensive_Plot_1Beech_18_depth025cm_dist070cm_WSoilTemp | K72: #N/A | L72: 0
A73: 50003 | B73: Ecosense_Soil_Intensive_Plot_1 | C73: Beech_18_depth025cm_dist120cm_W | D73: SoilCO2 | E73: ppm | F73: Selected Value | G73: =IF(ISBLANK(B73),"-","PT60M") -> PT60M | H73: VaisalaCO2Probe | I73: JulianBrzozon_A1 | J73: =B73&C73&D73 -> Ecosense_Soil_Intensive_Plot_1Beech_18_depth025cm_dist120cm_WSoilCO2 | K73: #N/A | L73: 0
A74: 50003 | B74: Ecosense_Soil_Intensive_Plot_1 | C74: Beech_18_depth025cm_dist120cm_W | D74: SoilTemp | E74: degC | F74: Selected Value | G74: =IF(ISBLANK(B74),"-","PT60M") -> PT60M | H74: VaisalaCO2Probe | I74: JulianBrzozon_A1 | J74: =B74&C74&D74 -> Ecosense_Soil_Intensive_Plot_1Beech_18_depth025cm_dist120cm_WSoilTemp | K74: #N/A | L74: 0
A75: 50005 | B75: Ecosense_Soil_Intensive_Plot_1 | C75: Beech_18_depth025cm_dist175cm_W | D75: SoilCO2 | E75: ppm | F75: Selected Value | G75: PT60M | H75: VaisalaCO2Probe | I75: JulianBrzozon_A1 | J75: Ecosense_Soil_Intensive_Plot_1Beech_18_depth025cm_dist175cm_WSoilCO2 | K75: #N/A | L75: 0
A76: 50005 | B76: Ecosense_Soil_Intensive_Plot_1 | C76: Beech_18_depth025cm_dist175cm_W | D76: SoilTemp | E76: degC | F76: Selected Value | G76: PT60M | H76: VaisalaCO2Probe | I76: JulianBrzozon_A1 | J76: Ecosense_Soil_Intensive_Plot_1Beech_18_depth025cm_dist175cm_WSoilTemp | K76: #N/A | L76: 0
A77: 50020 | B77: Ecosense_Soil_Intensive_Plot_1 | C77: Beech_18_depth010cm_dist135cm_W | D77: SoilMoisture_Volt | E77: V | F77: Selected Value | G77: =IF(ISBLANK(B77),"-","PT60M") -> PT60M | H77: DeltaTML2eProbe | I77: JulianBrzozon_A1 | J77: =B77&C77&D77 -> Ecosense_Soil_Intensive_Plot_1Beech_18_depth010cm_dist135cm_WSoilMoisture_Volt | K77: #N/A | L77: 0
A78: 50023 | B78: Ecosense_Soil_Intensive_Plot_1 | C78: Beech_18_depth025cm_dist070cm_W | D78: SoilCO2 | E78: ppm | F78: Selected Value | G78: PT60M | H78: VaisalaCO2Probe | I78: JulianBrzozon_A1 | J78: Ecosense_Soil_Intensive_Plot_1Beech_18_depth025cm_dist070cm_WSoilCO2 | K78: #N/A | L78: 0
A79: 50023 | B79: Ecosense_Soil_Intensive_Plot_1 | C79: Beech_18_depth025cm_dist070cm_W | D79: SoilTemp | E79: degC | F79: Selected Value | G79: PT60M | H79: VaisalaCO2Probe | I79: JulianBrzozon_A1 | J79: Ecosense_Soil_Intensive_Plot_1Beech_18_depth025cm_dist070cm_WSoilTemp | K79: #N/A | L79: 0
A80: 50024 | B80: Ecosense_Soil_Intensive_Plot_1 | C80: Beech_18_depth025cm_dist120cm_W | D80: SoilCO2 | E80: ppm | F80: Selected Value | G80: PT60M | H80: VaisalaCO2Probe | I80: JulianBrzozon_A1 | J80: Ecosense_Soil_Intensive_Plot_1Beech_18_depth025cm_dist120cm_WSoilCO2 | K80: #N/A | L80: 0
A81: 50024 | B81: Ecosense_Soil_Intensive_Plot_1 | C81: Beech_18_depth025cm_dist120cm_W | D81: SoilTemp | E81: degC | F81: Selected Value | G81: PT60M | H81: VaisalaCO2Probe | I81: JulianBrzozon_A1 | J81: Ecosense_Soil_Intensive_Plot_1Beech_18_depth025cm_dist120cm_WSoilTemp | K81: #N/A | L81: 0
A82: 60515 | B82: Ecosense_MixedPlot | C82: SapFlow Sensor in MixedPlot (removed before logging started) | F82: Selected Value | G82: =IF(ISBLANK(B82),"-","PT60M") -> PT60M | H82: Implexx SapFlow | I82: StefanieDumberger_A3 | J82: =B82&C82&D82 -> Ecosense_MixedPlotSapFlow Sensor in MixedPlot (removed before logging started) | K82: #N/A | L82: 0
A83: 70004 | B83: Ecosense_BeechPlot | C83: Cuvette_Beech_Pure_1_25m_sun_left -- war doch im Container | D83: LeafTemp | E83: degC | F83: Selected Value | G83: =IF(ISBLANK(B83),"-","PT60M") -> PT60M | H83: Self-build Cuvettes | I83: YasminaFrey_A3 | J83: =B83&C83&D83 -> Ecosense_BeechPlotCuvette_Beech_Pure_1_25m_sun_left -- war doch im ContainerLeafTemp | K83: #N/A | L83: 0
A84: 70004 | B84: Ecosense_BeechPlot | C84: Cuvette_Beech_Pure_1_25m_sun_left -- war doch im Container | D84: InternalTemp | E84: degC | F84: Selected Value | G84: =IF(ISBLANK(B84),"-","PT60M") -> PT60M | H84: Self-build Cuvettes | I84: YasminaFrey_A3 | J84: =B84&C84&D84 -> Ecosense_BeechPlotCuvette_Beech_Pure_1_25m_sun_left -- war doch im ContainerInternalTemp | K84: #N/A | L84: 0
A85: 70004 | B85: Ecosense_BeechPlot | C85: Cuvette_Beech_Pure_1_25m_sun_left -- war doch im Container | D85: Temperature | E85: degC | F85: Selected Value | G85: =IF(ISBLANK(B85),"-","PT60M") -> PT60M | H85: Self-build Cuvettes | I85: YasminaFrey_A3 | J85: =B85&C85&D85 -> Ecosense_BeechPlotCuvette_Beech_Pure_1_25m_sun_left -- war doch im ContainerTemperature | K85: #N/A | L85: 0
A86: 70004 | B86: Ecosense_BeechPlot | C86: Cuvette_Beech_Pure_1_25m_sun_left -- war doch im Container | D86: RelHumidity | E86: % | F86: Selected Value | G86: =IF(ISBLANK(B86),"-","PT60M") -> PT60M | H86: Self-build Cuvettes | I86: YasminaFrey_A3 | J86: =B86&C86&D86 -> Ecosense_BeechPlotCuvette_Beech_Pure_1_25m_sun_left -- war doch im ContainerRelHumidity | K86: #N/A | L86: 0
A87: 70004 | B87: Ecosense_BeechPlot | C87: Cuvette_Beech_Pure_1_25m_sun_left -- war doch im Container | D87: InternalRelHumidity | E87: % | F87: Selected Value | G87: =IF(ISBLANK(B87),"-","PT60M") -> PT60M | H87: Self-build Cuvettes | I87: YasminaFrey_A3 | J87: =B87&C87&D87 -> Ecosense_BeechPlotCuvette_Beech_Pure_1_25m_sun_left -- war doch im ContainerInternalRelHumidity | K87: #N/A | L87: 0
A88: 70012 | B88: Ecosense_BeechPlot | C88: Cuvette_Beech_Pure_3_22m_shadow_right | D88: RelHumidity | E88: % | F88: Selected Value | G88: =IF(ISBLANK(B88),"-","PT60M") -> PT60M | H88: Self-build Cuvettes | I88: YasminaFrey_A3 | J88: =B88&C88&D88 -> Ecosense_BeechPlotCuvette_Beech_Pure_3_22m_shadow_rightRelHumidity | K88: =VLOOKUP(J88,[1]TimeSeriesIDs!$A:$E,5,FALSE) -> 767a3be9a2ef49b1b520d2a69ec697ac | L88: 0
A89: 70012 | B89: Ecosense_BeechPlot | C89: Cuvette_Beech_Pure_3_22m_shadow_right | D89: LeafTemp | E89: degC | F89: Selected Value | G89: =IF(ISBLANK(B89),"-","PT60M") -> PT60M | H89: Self-build Cuvettes | I89: YasminaFrey_A3 | J89: =B89&C89&D89 -> Ecosense_BeechPlotCuvette_Beech_Pure_3_22m_shadow_rightLeafTemp | K89: =VLOOKUP(J89,[1]TimeSeriesIDs!$A:$E,5,FALSE) -> 8204dfdf2fd74f0dbadb4f8b82f6f2a0 | L89: 0
A90: 70012 | B90: Ecosense_BeechPlot | C90: Cuvette_Beech_Pure_3_22m_shadow_right | D90: Temperature | E90: degC | F90: Selected Value | G90: =IF(ISBLANK(B90),"-","PT60M") -> PT60M | H90: Self-build Cuvettes | I90: YasminaFrey_A3 | J90: =B90&C90&D90 -> Ecosense_BeechPlotCuvette_Beech_Pure_3_22m_shadow_rightTemperature | K90: =VLOOKUP(J90,[1]TimeSeriesIDs!$A:$E,5,FALSE) -> a4a4c408e20545c2b3dd65ed970b3ea2 | L90: 0
A91: 70012 | B91: Ecosense_BeechPlot | C91: Cuvette_Beech_Pure_3_22m_shadow_right | D91: InternalRelHumidity | E91: % | F91: Selected Value | G91: =IF(ISBLANK(B91),"-","PT60M") -> PT60M | H91: Self-build Cuvettes | I91: YasminaFrey_A3 | J91: =B91&C91&D91 -> Ecosense_BeechPlotCuvette_Beech_Pure_3_22m_shadow_rightInternalRelHumidity | K91: =VLOOKUP(J91,[1]TimeSeriesIDs!$A:$E,5,FALSE) -> c81762fb5e6f4379a5931183fa2ccaf7 | L91: 0
A92: 70012 | B92: Ecosense_BeechPlot | C92: Cuvette_Beech_Pure_3_22m_shadow_right | D92: InternalTemp | E92: degC | F92: Selected Value | G92: =IF(ISBLANK(B92),"-","PT60M") -> PT60M | H92: Self-build Cuvettes | I92: YasminaFrey_A3 | J92: =B92&C92&D92 -> Ecosense_BeechPlotCuvette_Beech_Pure_3_22m_shadow_rightInternalTemp | K92: =VLOOKUP(J92,[1]TimeSeriesIDs!$A:$E,5,FALSE) -> cfbb0f32261d490681ee0ff06d9dfd70 | L92: 0
A93: 70031 | B93: Ecosense_MixedPlot | C93: Cuvette_Beech_Mixed_1_26m_sun_left_till_18.7.24 | D93: LeafTemp | E93: degC | F93: Selected Value | G93: =IF(ISBLANK(B93),"-","PT60M") -> PT60M | H93: Self-build Cuvettes | I93: YasminaFrey_A3 | J93: =B93&C93&D93 -> Ecosense_MixedPlotCuvette_Beech_Mixed_1_26m_sun_left_till_18.7.24LeafTemp | K93: =VLOOKUP(J93,[1]TimeSeriesIDs!$A:$E,5,FALSE) -> edbebbac7f554b5181ccd9494df09c5b | L93: 0
A94: 70031 | B94: Ecosense_MixedPlot | C94: Cuvette_Beech_Mixed_1_26m_sun_left_till_18.7.24 | D94: Temperature | E94: degC | F94: Selected Value | G94: =IF(ISBLANK(B94),"-","PT60M") -> PT60M | H94: Self-build Cuvettes | I94: YasminaFrey_A3 | J94: =B94&C94&D94 -> Ecosense_MixedPlotCuvette_Beech_Mixed_1_26m_sun_left_till_18.7.24Temperature | K94: =VLOOKUP(J94,[1]TimeSeriesIDs!$A:$E,5,FALSE) -> cea42848413a43aea62a45aff4f9d0ab | L94: 0
A95: 70031 | B95: Ecosense_MixedPlot | C95: Cuvette_Beech_Mixed_1_26m_sun_left_till_18.7.24 | D95: InternalTemp | E95: degC | F95: Selected Value | G95: =IF(ISBLANK(B95),"-","PT60M") -> PT60M | H95: Self-build Cuvettes | I95: YasminaFrey_A3 | J95: =B95&C95&D95 -> Ecosense_MixedPlotCuvette_Beech_Mixed_1_26m_sun_left_till_18.7.24InternalTemp | K95: =VLOOKUP(J95,[1]TimeSeriesIDs!$A:$E,5,FALSE) -> be6960266b8b49c994255cc8669d6baf | L95: 0
A96: 70031 | B96: Ecosense_MixedPlot | C96: Cuvette_Beech_Mixed_1_26m_sun_left_till_18.7.24 | D96: RelHumidity | E96: % | F96: Selected Value | G96: =IF(ISBLANK(B96),"-","PT60M") -> PT60M | H96: Self-build Cuvettes | I96: YasminaFrey_A3 | J96: =B96&C96&D96 -> Ecosense_MixedPlotCuvette_Beech_Mixed_1_26m_sun_left_till_18.7.24RelHumidity | K96: =VLOOKUP(J96,[1]TimeSeriesIDs!$A:$E,5,FALSE) -> 470eaeb3d7b14df28a201b6e2f428120 | L96: 0
A97: 70031 | B97: Ecosense_MixedPlot | C97: Cuvette_Beech_Mixed_1_26m_sun_left_till_18.7.24 | D97: InternalRelHumidity | E97: % | F97: Selected Value | G97: =IF(ISBLANK(B97),"-","PT60M") -> PT60M | H97: Self-build Cuvettes | I97: YasminaFrey_A3 | J97: =B97&C97&D97 -> Ecosense_MixedPlotCuvette_Beech_Mixed_1_26m_sun_left_till_18.7.24InternalRelHumidity | K97: =VLOOKUP(J97,[1]TimeSeriesIDs!$A:$E,5,FALSE) -> 3f26f8cfb7b64ee794f57f458bd1fd7a | L97: 0
A98: 70036 | B98: Ecosense_MixedPlot | C98: Cuvette_Beech_Mixed_1_26m_sun_right_till_18.7.24 | D98: InternalTemp | E98: degC | F98: Selected Value | G98: =IF(ISBLANK(B98),"-","PT60M") -> PT60M | H98: Self-build Cuvettes | I98: YasminaFrey_A3 | J98: =B98&C98&D98 -> Ecosense_MixedPlotCuvette_Beech_Mixed_1_26m_sun_right_till_18.7.24InternalTemp | K98: =VLOOKUP(J98,[1]TimeSeriesIDs!$A:$E,5,FALSE) -> b8481cf0cf5f4bdb9f190e85ec95df01 | L98: 0
A99: 70036 | B99: Ecosense_MixedPlot | C99: Cuvette_Beech_Mixed_1_26m_sun_right_till_18.7.24 | D99: InternalRelHumidity | E99: % | F99: Selected Value | G99: =IF(ISBLANK(B99),"-","PT60M") -> PT60M | H99: Self-build Cuvettes | I99: YasminaFrey_A3 | J99: =B99&C99&D99 -> Ecosense_MixedPlotCuvette_Beech_Mixed_1_26m_sun_right_till_18.7.24InternalRelHumidity | K99: =VLOOKUP(J99,[1]TimeSeriesIDs!$A:$E,5,FALSE) -> ae0649127bec4f418633672749ede861 | L99: 0
A100: 70036 | B100: Ecosense_MixedPlot | C100: Cuvette_Beech_Mixed_1_26m_sun_right_till_18.7.24 | D100: RelHumidity | E100: % | F100: Selected Value | G100: =IF(ISBLANK(B100),"-","PT60M") -> PT60M | H100: Self-build Cuvettes | I100: YasminaFrey_A3 | J100: =B100&C100&D100 -> Ecosense_MixedPlotCuvette_Beech_Mixed_1_26m_sun_right_till_18.7.24RelHumidity | K100: =VLOOKUP(J100,[1]TimeSeriesIDs!$A:$E,5,FALSE) -> 9ddd4f8f649543229cd3189710b184e6 | L100: 0
A101: 70036 | B101: Ecosense_MixedPlot | C101: Cuvette_Beech_Mixed_1_26m_sun_right_till_18.7.24 | D101: LeafTemp | E101: degC | F101: Selected Value | G101: =IF(ISBLANK(B101),"-","PT60M") -> PT60M | H101: Self-build Cuvettes | I101: YasminaFrey_A3 | J101: =B101&C101&D101 -> Ecosense_MixedPlotCuvette_Beech_Mixed_1_26m_sun_right_till_18.7.24LeafTemp | K101: =VLOOKUP(J101,[1]TimeSeriesIDs!$A:$E,5,FALSE) -> 9cda7272a5b14aad85dd9a65185d4a16
A102: 70036 | B102: Ecosense_MixedPlot | C102: Cuvette_Beech_Mixed_1_26m_sun_right_till_18.7.24 | D102: Temperature | E102: degC | F102: Selected Value | G102: =IF(ISBLANK(B102),"-","PT60M") -> PT60M | H102: Self-build Cuvettes | I102: YasminaFrey_A3 | J102: =B102&C102&D102 -> Ecosense_MixedPlotCuvette_Beech_Mixed_1_26m_sun_right_till_18.7.24Temperature | K102: =VLOOKUP(J102,[1]TimeSeriesIDs!$A:$E,5,FALSE) -> 484c8b0c35c64494b7af2da53ca0e1f6
A103: 70045 | B103: Ecosense_MainTower | C103: Cuvette_Beech_Mixed_5_23m_shade_left_ch6 | D103: LightSpectrum | E103: None | F103: Selected Value | G103: =IF(ISBLANK(B103),"-","PT60M") -> PT60M | H103: ECOvette | I103: YasminaFrey_A3_StefanieDumberger_A3 | J103: =B103&C103&D103 -> Ecosense_MainTowerCuvette_Beech_Mixed_5_23m_shade_left_ch6LightSpectrum | K103: =VLOOKUP(J103,[1]TimeSeriesIDs!$A:$E,5,FALSE) -> 605e75a3010544fd8c72206565ecfb49
A104: 70045 | B104: Ecosense_MainTower | C104: Cuvette_Beech_Mixed_5_23m_shade_left_ch7 | D104: LightSpectrum | E104: None | F104: Selected Value | G104: =IF(ISBLANK(B104),"-","PT60M") -> PT60M | H104: ECOvette | I104: YasminaFrey_A3_StefanieDumberger_A3 | J104: =B104&C104&D104 -> Ecosense_MainTowerCuvette_Beech_Mixed_5_23m_shade_left_ch7LightSpectrum | K104: =VLOOKUP(J104,[1]TimeSeriesIDs!$A:$E,5,FALSE) -> d861fa530d2b42f9965d24781e5c939e
A105: 70045 | B105: Ecosense_MainTower | C105: Cuvette_Beech_Mixed_5_23m_shade_left_ch0 | D105: LightSpectrum | E105: None | F105: Selected Value | G105: =IF(ISBLANK(B105),"-","PT60M") -> PT60M | H105: ECOvette | I105: YasminaFrey_A3_StefanieDumberger_A3 | J105: =B105&C105&D105 -> Ecosense_MainTowerCuvette_Beech_Mixed_5_23m_shade_left_ch0LightSpectrum | K105: =VLOOKUP(J105,[1]TimeSeriesIDs!$A:$E,5,FALSE) -> 30cd9a71ff35469a87bb8cb87e8d3cb1
A106: 70045 | B106: Ecosense_MainTower | C106: Cuvette_Beech_Mixed_5_23m_shade_left_ch1 | D106: LightSpectrum | E106: None | F106: Selected Value | G106: =IF(ISBLANK(B106),"-","PT60M") -> PT60M | H106: ECOvette | I106: YasminaFrey_A3_StefanieDumberger_A3 | J106: =B106&C106&D106 -> Ecosense_MainTowerCuvette_Beech_Mixed_5_23m_shade_left_ch1LightSpectrum | K106: =VLOOKUP(J106,[1]TimeSeriesIDs!$A:$E,5,FALSE) -> eb0df177d7d744fe8ceab22c10f760c2
A107: 70045 | B107: Ecosense_MainTower | C107: Cuvette_Beech_Mixed_5_23m_shade_left_nearInfraredSpectrum | D107: LightSpectrum | E107: None | F107: Selected Value | G107: =IF(ISBLANK(B107),"-","PT60M") -> PT60M | H107: ECOvette | I107: YasminaFrey_A3_StefanieDumberger_A3 | J107: =B107&C107&D107 -> Ecosense_MainTowerCuvette_Beech_Mixed_5_23m_shade_left_nearInfraredSpectrumLightSpectrum | K107: =VLOOKUP(J107,[1]TimeSeriesIDs!$A:$E,5,FALSE) -> 4539570e6b6f409c997ab618cdc4ef0f
A108: 70045 | B108: Ecosense_MainTower | C108: Cuvette_Beech_Mixed_5_23m_shade_left | D108: InternalRelHumidity | E108: % | F108: Selected Value | G108: =IF(ISBLANK(B108),"-","PT60M") -> PT60M | H108: ECOvette | I108: YasminaFrey_A3_StefanieDumberger_A3 | J108: =B108&C108&D108 -> Ecosense_MainTowerCuvette_Beech_Mixed_5_23m_shade_leftInternalRelHumidity | K108: =VLOOKUP(J108,[1]TimeSeriesIDs!$A:$E,5,FALSE) -> 3c2739d33a054bec8cd6a924b139b4f4
A109: 70045 | B109: Ecosense_MainTower | C109: Cuvette_Beech_Mixed_5_23m_shade_left | D109: InternalTemp | E109: degC | F109: Selected Value | G109: =IF(ISBLANK(B109),"-","PT60M") -> PT60M | H109: ECOvette | I109: YasminaFrey_A3_StefanieDumberger_A3 | J109: =B109&C109&D109 -> Ecosense_MainTowerCuvette_Beech_Mixed_5_23m_shade_leftInternalTemp | K109: =VLOOKUP(J109,[1]TimeSeriesIDs!$A:$E,5,FALSE) -> ae2ccf6026b84fe493d1ff99813fb156
A110: 70045 | B110: Ecosense_MainTower | C110: Cuvette_Beech_Mixed_5_23m_shade_left_gain | D110: DigitalRawSignal | E110: None | F110: Selected Value | G110: =IF(ISBLANK(B110),"-","PT60M") -> PT60M | H110: ECOvette | I110: YasminaFrey_A3_StefanieDumberger_A3 | J110: =B110&C110&D110 -> Ecosense_MainTowerCuvette_Beech_Mixed_5_23m_shade_left_gainDigitalRawSignal | K110: =VLOOKUP(J110,[1]TimeSeriesIDs!$A:$E,5,FALSE) -> 8a73923ff1c44509b572e8cc90f1f842
A111: 70045 | B111: Ecosense_MainTower | C111: Cuvette_Beech_Mixed_5_23m_shade_left_ch4 | D111: LightSpectrum | E111: None | F111: Selected Value | G111: =IF(ISBLANK(B111),"-","PT60M") -> PT60M | H111: ECOvette | I111: YasminaFrey_A3_StefanieDumberger_A3 | J111: =B111&C111&D111 -> Ecosense_MainTowerCuvette_Beech_Mixed_5_23m_shade_left_ch4LightSpectrum | K111: =VLOOKUP(J111,[1]TimeSeriesIDs!$A:$E,5,FALSE) -> 41aae4c3f0974236be24bda73d3e3408
A112: 70045 | B112: Ecosense_MainTower | C112: Cuvette_Beech_Mixed_5_23m_shade_left | D112: LeafTemp | E112: degC | F112: Selected Value | G112: =IF(ISBLANK(B112),"-","PT60M") -> PT60M | H112: ECOvette | I112: YasminaFrey_A3_StefanieDumberger_A3 | J112: =B112&C112&D112 -> Ecosense_MainTowerCuvette_Beech_Mixed_5_23m_shade_leftLeafTemp | K112: =VLOOKUP(J112,[1]TimeSeriesIDs!$A:$E,5,FALSE) -> a5c7e460e2b7484bae85c46e61df0f2c
... A195: 70058 | B195: Ecosense_DouglasFirTower | C195: Cuvette_DouglasFir_Pure_6_25m_sun_left | D195: InternalTemp | E195: degC | F195: Selected Value | G195: =IF(ISBLANK(B195),"-","PT60M") -> PT60M | H195: ECOvette | I195: YasminaFrey_A3_StefanieDumberger_A3 | J195: =B195&C195&D195 -> Ecosense_DouglasFirTowerCuvette_DouglasFir_Pure_6_25m_sun_leftInternalTemp | K195: =VLOOKUP(J195,[1]TimeSeriesIDs!$A:$E,5,FALSE) -> 99f287f47b4243148b12cbe880deb159
A196: 70058 | B196: Ecosense_DouglasFirTower | C196: Cuvette_DouglasFir_Pure_6_25m_sun_left_ch6 | D196: LightSpectrum | E196: None | F196: Selected Value | G196: =IF(ISBLANK(B196),"-","PT60M") -> PT60M | H196: ECOvette | I196: YasminaFrey_A3_StefanieDumberger_A3 | J196: =B196&C196&D196 -> Ecosense_DouglasFirTowerCuvette_DouglasFir_Pure_6_25m_sun_left_ch6LightSpectrum | K196: =VLOOKUP(J196,[1]TimeSeriesIDs!$A:$E,5,FALSE) -> bd9342cc2cd54b5cbb8cf1924aa3c387 | L196: 0
A197: 70058 | B197: Ecosense_DouglasFirTower | C197: Cuvette_DouglasFir_Pure_6_25m_sun_left | D197: RelHumidity | E197: % | F197: Selected Value | G197: =IF(ISBLANK(B197),"-","PT60M") -> PT60M | H197: ECOvette | I197: YasminaFrey_A3_StefanieDumberger_A3 | J197: =B197&C197&D197 -> Ecosense_DouglasFirTowerCuvette_DouglasFir_Pure_6_25m_sun_leftRelHumidity | K197: =VLOOKUP(J197,[1]TimeSeriesIDs!$A:$E,5,FALSE) -> ba5141a012d24e42853d5b3804ec80da | L197: 0
A198: 70058 | B198: Ecosense_DouglasFirTower | C198: Cuvette_DouglasFir_Pure_6_25m_sun_left | D198: InternalRelHumidity | E198: % | F198: Selected Value | G198: =IF(ISBLANK(B198),"-","PT60M") -> PT60M | H198: ECOvette | I198: YasminaFrey_A3_StefanieDumberger_A3 | J198: =B198&C198&D198 -> Ecosense_DouglasFirTowerCuvette_DouglasFir_Pure_6_25m_sun_leftInternalRelHumidity | K198: =VLOOKUP(J198,[1]TimeSeriesIDs!$A:$E,5,FALSE) -> 56ff0e163aa94d52ac228752597dfa01 | L198: 0
A199: 70058 | B199: Ecosense_DouglasFirTower | C199: Cuvette_DouglasFir_Pure_6_25m_sun_left_nearInfraredSpectrum | D199: LightSpectrum | E199: None | F199: Selected Value | G199: =IF(ISBLANK(B199),"-","PT60M") -> PT60M | H199: ECOvette | I199: YasminaFrey_A3_StefanieDumberger_A3 | J199: =B199&C199&D199 -> Ecosense_DouglasFirTowerCuvette_DouglasFir_Pure_6_25m_sun_left_nearInfraredSpectrumLightSpectrum | K199: =VLOOKUP(J199,[1]TimeSeriesIDs!$A:$E,5,FALSE) -> 107b03c6f4874fa184edb4adc5e1c44d | L199: 0
A200: 70058 | B200: Ecosense_DouglasFirTower | C200: Cuvette_DouglasFir_Pure_6_25m_sun_left_ch1 | D200: LightSpectrum | E200: None | F200: Selected Value | G200: =IF(ISBLANK(B200),"-","PT60M") -> PT60M | H200: ECOvette | I200: YasminaFrey_A3_StefanieDumberger_A3 | J200: =B200&C200&D200 -> Ecosense_DouglasFirTowerCuvette_DouglasFir_Pure_6_25m_sun_left_ch1LightSpectrum | K200: =VLOOKUP(J200,[1]TimeSeriesIDs!$A:$E,5,FALSE) -> 65152758395d430aaf177fdeb34ff41a | L200: 0
A201: 70058 | B201: Ecosense_DouglasFirTower | C201: Cuvette_DouglasFir_Pure_6_25m_sun_left_ch3 | D201: LightSpectrum | E201: None | F201: Selected Value | G201: =IF(ISBLANK(B201),"-","PT60M") -> PT60M | H201: ECOvette | I201: YasminaFrey_A3_StefanieDumberger_A3 | J201: =B201&C201&D201 -> Ecosense_DouglasFirTowerCuvette_DouglasFir_Pure_6_25m_sun_left_ch3LightSpectrum | K201: =VLOOKUP(J201,[1]TimeSeriesIDs!$A:$E,5,FALSE) -> 0e65b7a40d424c308d7aa5504cc0d4d9 | L201: 0
A202: 70058 | B202: Ecosense_DouglasFirTower | C202: Cuvette_DouglasFir_Pure_6_25m_sun_left | D202: LeafTemp | E202: degC | F202: Selected Value | G202: =IF(ISBLANK(B202),"-","PT60M") -> PT60M | H202: ECOvette | I202: YasminaFrey_A3_StefanieDumberger_A3 | J202: =B202&C202&D202 -> Ecosense_DouglasFirTowerCuvette_DouglasFir_Pure_6_25m_sun_leftLeafTemp | K202: =VLOOKUP(J202,[1]TimeSeriesIDs!$A:$E,5,FALSE) -> 3bd0462a957042a8b69a39f34e24bf73 | L202: 0
A203: 70058 | B203: Ecosense_DouglasFirTower | C203: Cuvette_DouglasFir_Pure_6_25m_sun_left_gain | D203: DigitalRawSignal | E203: None | F203: Selected Value | G203: =IF(ISBLANK(B203),"-","PT60M") -> PT60M | H203: ECOvette | I203: YasminaFrey_A3_StefanieDumberger_A3 | J203: =B203&C203&D203 -> Ecosense_DouglasFirTowerCuvette_DouglasFir_Pure_6_25m_sun_left_gainDigitalRawSignal | K203: =VLOOKUP(J203,[1]TimeSeriesIDs!$A:$E,5,FALSE) -> 844ec51738484335b151a6c001c2b0ee | L203: 0
A204: 70058 | B204: Ecosense_DouglasFirTower | C204: Cuvette_DouglasFir_Pure_6_25m_sun_left | D204: LeafRelHumidity | E204: % | F204: Selected Value | G204: =IF(ISBLANK(B204),"-","PT60M") -> PT60M | H204: ECOvette | I204: YasminaFrey_A3_StefanieDumberger_A3 | J204: =B204&C204&D204 -> Ecosense_DouglasFirTowerCuvette_DouglasFir_Pure_6_25m_sun_leftLeafRelHumidity | K204: =VLOOKUP(J204,[1]TimeSeriesIDs!$A:$E,5,FALSE) -> 5da7cb6521374737aed8234ec52314f1 | L204: 0
A205: 70058 | B205: Ecosense_DouglasFirTower | C205: Cuvette_DouglasFir_Pure_6_25m_sun_left_ch7 | D205: LightSpectrum | E205: None | F205: Selected Value | G205: =IF(ISBLANK(B205),"-","PT60M") -> PT60M | H205: ECOvette | I205: YasminaFrey_A3_StefanieDumberger_A3 | J205: =B205&C205&D205 -> Ecosense_DouglasFirTowerCuvette_DouglasFir_Pure_6_25m_sun_left_ch7LightSpectrum | K205: =VLOOKUP(J205,[1]TimeSeriesIDs!$A:$E,5,FALSE) -> d65bc2e5e36c4fa1a21bc9e17a1a26b0 | L205: 0
A206: 70058 | B206: Ecosense_DouglasFirTower | C206: Cuvette_DouglasFir_Pure_6_25m_sun_left_ch0 | D206: LightSpectrum | E206: None | F206: Selected Value | G206: =IF(ISBLANK(B206),"-","PT60M") -> PT60M | H206: ECOvette | I206: YasminaFrey_A3_StefanieDumberger_A3 | J206: =B206&C206&D206 -> Ecosense_DouglasFirTowerCuvette_DouglasFir_Pure_6_25m_sun_left_ch0LightSpectrum | K206: =VLOOKUP(J206,[1]TimeSeriesIDs!$A:$E,5,FALSE) -> a63dad88e5e44635b143c2c5c13cc909 | L206: 0
A207: 70058 | B207: Ecosense_DouglasFirTower | C207: Cuvette_DouglasFir_Pure_6_25m_sun_left_ch4 | D207: LightSpectrum | E207: None | F207: Selected Value | G207: =IF(ISBLANK(B207),"-","PT60M") -> PT60M | H207: ECOvette | I207: YasminaFrey_A3_StefanieDumberger_A3 | J207: =B207&C207&D207 -> Ecosense_DouglasFirTowerCuvette_DouglasFir_Pure_6_25m_sun_left_ch4LightSpectrum | K207: =VLOOKUP(J207,[1]TimeSeriesIDs!$A:$E,5,FALSE) -> aa72a9ef396d4bd0867cb1707fd8999e | L207: 0
... A354: 70077 | B354: Ecosense_BeechTower | C354: Cuvette_Beech_Pure_5_26m_sun_left | D354: LeafTemp | E354: degC | F354: Selected Value | G354: =IF(ISBLANK(B354),"-","PT60M") -> PT60M | H354: ECOvette | I354: YasminaFrey_A3_StefanieDumberger_A3 | J354: =B354&C354&D354 -> Ecosense_BeechTowerCuvette_Beech_Pure_5_26m_sun_leftLeafTemp | K354: =VLOOKUP(J354,[1]TimeSeriesIDs!$A:$E,5,FALSE) -> 5288db1046644397909ec492e2c7f60d | L354: 0
A355: 70084 | B355: Broken, replaced through 70085 | L355: 0
A356: 70087 | B356: Ecosense_BeechTower | C356: Cuvette_Beech_Pure_1_26m_sun_left_ch4 | D356: LightSpectrum | E356: None | F356: Selected Value | G356: =IF(ISBLANK(B356),"-","PT60M") -> PT60M | H356: ECOvette | I356: YasminaFrey_A3_StefanieDumberger_A3 | J356: =B356&C356&D356 -> Ecosense_BeechTowerCuvette_Beech_Pure_1_26m_sun_left_ch4LightSpectrum | K356: =VLOOKUP(J356,[1]TimeSeriesIDs!$A:$E,5,FALSE) -> a30dde4302de4ca68d91de8f9f1c2a3b | L356: 0
A357: 70087 | B357: Ecosense_BeechTower | C357: Cuvette_Beech_Pure_1_26m_sun_left_tint | D357: Duration | E357: ms | F357: Selected Value | G357: =IF(ISBLANK(B357),"-","PT60M") -> PT60M | H357: ECOvette | I357: YasminaFrey_A3_StefanieDumberger_A3 | J357: =B357&C357&D357 -> Ecosense_BeechTowerCuvette_Beech_Pure_1_26m_sun_left_tintDuration | K357: =VLOOKUP(J357,[1]TimeSeriesIDs!$A:$E,5,FALSE) -> e04551e2368745ebb7c4315032a7cf60 | L357: 0
A358: 70087 | B358: Ecosense_BeechTower | C358: Cuvette_Beech_Pure_1_26m_sun_left_nearInfraredSpectrum | D358: LightSpectrum | E358: None | F358: Selected Value | G358: =IF(ISBLANK(B358),"-","PT60M") -> PT60M | H358: ECOvette | I358: YasminaFrey_A3_StefanieDumberger_A3 | J358: =B358&C358&D358 -> Ecosense_BeechTowerCuvette_Beech_Pure_1_26m_sun_left_nearInfraredSpectrumLightSpectrum | K358: =VLOOKUP(J358,[1]TimeSeriesIDs!$A:$E,5,FALSE) -> 694f84eccae54484ab2d5ae804e7a630 | L358: 0
A359: 70087 | B359: Ecosense_BeechTower | C359: Cuvette_Beech_Pure_1_26m_sun_left_ch3 | D359: LightSpectrum | E359: None | F359: Selected Value | G359: =IF(ISBLANK(B359),"-","PT60M") -> PT60M | H359: ECOvette | I359: YasminaFrey_A3_StefanieDumberger_A3 | J359: =B359&C359&D359 -> Ecosense_BeechTowerCuvette_Beech_Pure_1_26m_sun_left_ch3LightSpectrum | K359: =VLOOKUP(J359,[1]TimeSeriesIDs!$A:$E,5,FALSE) -> 6eb77bfbdf954c4dadf28f8609ba02c4 | L359: 0
A360: 70087 | B360: Ecosense_BeechTower | C360: Cuvette_Beech_Pure_1_26m_sun_left_ch0 | D360: LightSpectrum | E360: None | F360: Selected Value | G360: =IF(ISBLANK(B360),"-","PT60M") -> PT60M | H360: ECOvette | I360: YasminaFrey_A3_StefanieDumberger_A3 | J360: =B360&C360&D360 -> Ecosense_BeechTowerCuvette_Beech_Pure_1_26m_sun_left_ch0LightSpectrum | K360: =VLOOKUP(J360,[1]TimeSeriesIDs!$A:$E,5,FALSE) -> cb873457bea842db88e9a485c7d0cf92 | L360: 0
A361: 70087 | B361: Ecosense_BeechTower | C361: Cuvette_Beech_Pure_1_26m_sun_left_gain | D361: DigitalRawSignal | E361: None | F361: Selected Value | G361: =IF(ISBLANK(B361),"-","PT60M") -> PT60M | H361: ECOvette | I361: YasminaFrey_A3_StefanieDumberger_A3 | J361: =B361&C361&D361 -> Ecosense_BeechTowerCuvette_Beech_Pure_1_26m_sun_left_gainDigitalRawSignal | K361: =VLOOKUP(J361,[1]TimeSeriesIDs!$A:$E,5,FALSE) -> f68965036b1f49b78b6162d8a8bdfaa7 | L361: 0
A362: 70087 | B362: Ecosense_BeechTower | C362: Cuvette_Beech_Pure_1_26m_sun_left_ch5 | D362: LightSpectrum | E362: None | F362: Selected Value | G362: =IF(ISBLANK(B362),"-","PT60M") -> PT60M | H362: ECOvette | I362: YasminaFrey_A3_StefanieDumberger_A3 | J362: =B362&C362&D362 -> Ecosense_BeechTowerCuvette_Beech_Pure_1_26m_sun_left_ch5LightSpectrum | K362: =VLOOKUP(J362,[1]TimeSeriesIDs!$A:$E,5,FALSE) -> b8031dd663644175bc481cda488d92c6 | L362: 0
A363: 70087 | B363: Ecosense_BeechTower | C363: Cuvette_Beech_Pure_1_26m_sun_left_ch2 | D363: LightSpectrum | E363: None | F363: Selected Value | G363: =IF(ISBLANK(B363),"-","PT60M") -> PT60M | H363: ECOvette | I363: YasminaFrey_A3_StefanieDumberger_A3 | J363: =B363&C363&D363 -> Ecosense_BeechTowerCuvette_Beech_Pure_1_26m_sun_left_ch2LightSpectrum | K363: =VLOOKUP(J363,[1]TimeSeriesIDs!$A:$E,5,FALSE) -> c7a4110f676c48188ed69c8cca0d100e | L363: 0
A364: 70087 | B364: Ecosense_BeechTower | C364: Cuvette_Beech_Pure_1_26m_sun_left_wholeSpectrum | D364: LightSpectrum | E364: None | F364: Selected Value | G364: =IF(ISBLANK(B364),"-","PT60M") -> PT60M | H364: ECOvette | I364: YasminaFrey_A3_StefanieDumberger_A3 | J364: =B364&C364&D364 -> Ecosense_BeechTowerCuvette_Beech_Pure_1_26m_sun_left_wholeSpectrumLightSpectrum | K364: =VLOOKUP(J364,[1]TimeSeriesIDs!$A:$E,5,FALSE) -> 6f5cdd0e0ffc46498e51ff6ec167895b | L364: 0
A365: 70087 | B365: Ecosense_BeechTower | C365: Cuvette_Beech_Pure_1_26m_sun_left_ch1 | D365: LightSpectrum | E365: None | F365: Selected Value | G365: =IF(ISBLANK(B365),"-","PT60M") -> PT60M | H365: ECOvette | I365: YasminaFrey_A3_StefanieDumberger_A3 | J365: =B365&C365&D365 -> Ecosense_BeechTowerCuvette_Beech_Pure_1_26m_sun_left_ch1LightSpectrum | K365: =VLOOKUP(J365,[1]TimeSeriesIDs!$A:$E,5,FALSE) -> 2aa0872582f645659968914bcf71dd21 | L365: 0
A366: 70087 | B366: Ecosense_BeechTower | C366: Cuvette_Beech_Pure_1_26m_sun_left_ch7 | D366: LightSpectrum | E366: None | F366: Selected Value | G366: =IF(ISBLANK(B366),"-","PT60M") -> PT60M | H366: ECOvette | I366: YasminaFrey_A3_StefanieDumberger_A3 | J366: =B366&C366&D366 -> Ecosense_BeechTowerCuvette_Beech_Pure_1_26m_sun_left_ch7LightSpectrum | K366: =VLOOKUP(J366,[1]TimeSeriesIDs!$A:$E,5,FALSE) -> 40f46bbebe71475e95c4e4347fdf767e | L366: 0
A367: 70087 | B367: Ecosense_BeechTower | C367: Cuvette_Beech_Pure_1_26m_sun_left | D367: InternalRelHumidity | E367: % | F367: Selected Value | G367: =IF(ISBLANK(B367),"-","PT60M") -> PT60M | H367: ECOvette | I367: YasminaFrey_A3_StefanieDumberger_A3 | J367: =B367&C367&D367 -> Ecosense_BeechTowerCuvette_Beech_Pure_1_26m_sun_leftInternalRelHumidity | K367: =VLOOKUP(J367,[1]TimeSeriesIDs!$A:$E,5,FALSE) -> 4afea0bba258463fb1b12c64813b01c7 | L367: 0
...

Sheet  -->

Sheet SensorIDs
B2: Sensor IDs
B3: Each permanent sensor (installed for at least 4 consecutive weeks) gets a unique ID assigned which shall also be deposited within logger files/sensor for a clear attribution of data.
B4: Please note that Logger also get an ID assigned as they send status alerts and battery information.
B10: Sensor IDs
B11: from … | C11: to … | D11: Chair/Research Area/…
B12: 10000 | C12: 29999 | D12: Meteorology
B13: 30000 | C13: 49999 | D13: Ecosystem Physiology
B14: 50000 | C14: 59999 | D14: Soil Ecology
B15: 60000 | C15: 69999 | D15: Hydrology
B17: 70000 | C17: 99999 | D17: Others (contact me if chair is not listed yet)

Sheet Parameter
B2: Parameter Selection
B3: please get in touch if your parameter is not listed
B5: ParameterIdentifier | C5: Description | D5: Unit (default)
B6: AirTemp | C6: Air Temperature | D6: degC
B7: Albedo | C7: Albedo / Reflectivity | D7: %
B8: AtmosphericCO2 | C8: AtmosphericCO2 | D8: ppm
B9: AtmosPres | C9: Atmospheric Pressure | D9: kPa
B10: Attenuationturbidity | C10: Attenuation turbidity, water, unfiltered, broad band light source (400-680 nm), detection angle 180 degrees to incident light, attenuation units (AU) | D10: _ATU
B11: Backscatterturbidity | C11: Backscatter turbidity, water, unfiltered, broad band light source (400-680 nm), detection angle 0-45 degrees to incident light, backscatter units (BU) | D11: _BU
B12: BarPressure | C12: Barometric Pressure (created by SJ) | D12: hPa
B13: BatteryVoltage | C13: Battery Voltage | D13: V
B14: BGAPC | C14: Blue-Green Algae (Phytocyanin) | D14: RFU
B15: C13 | C15: Carbon 13 (created by SJ) | D15: ‰
B16: C13_leaf_continuous | C16: Carbon 13 of leaf, continuous measurement | D16: ‰
... B160: WSpdAvg | C160: Wind Speed Average | D160: m/s

Sheet GapTolerance
B2: Gap Tolerance
B17: ISO 8601 | C17: Interval
B18: PT1M | C18: One minute
B19: PT2H30M | C19: Two and a half hours
B20: P3DT4H59M | C20: Three days, four hours and 59 minutes
B22: If you wish to have no gap tolerance you can leave the cell empty. In that case the timeline will then be interrupted after one missed measurement.

Sheet MeasurementTypes
B2: Type of measurement
B3: A Computation Type refers to a type of calculation that is used to process time-series data. Please contact me if your measurement type is missing.
B5: PublicIdentifier | C5: FormalName | D5: Description
B7: Unknown | C7: None | D7: Please use if measurement type is unknown but try to avoid this option.
B8: Min | C8: Arithmetic Minimum | D8: The Minimum statistic selects the data point with lowest value from the data points with known values in the periodic interval.
B9: Max | C9: Arithmetic Maximum | D9: The Maximum statistic selects the data point with the highest value from the data points with known values in the periodic interval.
B10: Sum | C10: Sum | D10: The Sum statistic computes the value of the aggregate data point as the sum of values of all data points with known values in the periodic interval, including the data points at the boundary of the interval.
B11: Mean | C11: Time Weighted Mean | D11: The Time-Weighted Mean statistic calculates the value of the aggregate data point as the average of all time-weighted data points with known values in the periodic interval.
B12: Median | C12: Arithmetic Median | D12: The Median statistic computes the value of the aggregate data point as the arithmetic median of all data points with known values in the periodic interval.
B13: Selected Value | C13: Selected Value at a Given Time | D13: The Selected Value statistic computes the value of the aggregate data point as the value at a specified time offset within the interval.
B14: Tidal High | C14: Higher High-Tide Values | D14: A point is considered an extreme tide if it is either larger or smaller than all other points within a 2.5 hour range in the periodic interval, excluding points within 2.5 hours of an end of a time-series. The Tidal High statistic is the highest of the extreme high tide values in a periodic interval.
B15: Tidal Lower High | C15: Lower High-Tide Values | D15: A point is considered an extreme tide if it is either larger or smaller than all other points within a 2.5 hour range in the periodic interval, excluding points within 2.5 hours of an end of a time-series. The Tidal Lower High statistic is the lowest of the extreme high tide values in a periodic interval.
B16: Tidal Higher Low | C16: Higher Low-Tide Values | D16: A point is considered an extreme tide if it is either larger or smaller than all other points within a 2.5 hour range in the periodic interval, excluding points within 2.5 hours of an end of a time-series. The Tidal Higher Low statistic is the highest of the extreme low tide values in a periodic interval.
B17: Tidal Low | C17: Lower Low-Tide Values | D17: A point is considered an extreme tide if it is either larger or smaller than all other points within a 2.5 hour range in the periodic interval, excluding points within 2.5 hours of an end of a time-series. The Tidal Low statistic is the lowest of the extreme low tide values in a periodic interval.
... B19: Max At Event Time | C19: Maximum Value at Event Time | D19: The Max at Event Time statistic selects the data point with the highest value from the data points with known values in the periodic interval. The output point is placed at the time of the highest point in the input interval.

Sheet Tabelle4
A3: Zeilenbeschriftungen | B3: Anzahl von Parameter
A4: Temperature | B4: 736
A5: LightSpectrum | B5: 520
A6: SoilTemp | B6: 514
A7: Permittivity | B7: 486
A8: SoilMoisture | B8: 486
A9: Duration | B9: 280
A10: Count | B10: 264
A11: HeatVelocity | B11: 132
A12: LeafTemp | B12: 76
A13: Diagnosticcode | B13: 65
A14: StemRadialVar_Volt | B14: 62
A15: RelHumidity | B15: 62
... A96: Gesamtergebnis | B96: 4418

Sheet sapflow
A5: 60481 | B5: Ecosense_DouglasFirPlot | C5: DouglasFir_Pure_10_+130cm_S | D5: Sapflow | F5: Selected Value | G5: =IF(ISBLANK(B5),"-","PT60M") -> PT60M | I5: LeaDedden_A2_StefanieDumberger_A3
A6: 60482 | B6: Ecosense_DouglasFirPlot | C6: DouglasFir_Pure_9_+130cm_S | D6: Sapflow | F6: Selected Value | G6: =IF(ISBLANK(B6),"-","PT60M") -> PT60M | I6: LeaDedden_A2_StefanieDumberger_A3
A7: 60483 | B7: Ecosense_DouglasFirPlot | C7: DouglasFir_Pure_2_+130cm_S | D7: Sapflow | F7: Selected Value | G7: =IF(ISBLANK(B7),"-","PT60M") -> PT60M | I7: LeaDedden_A2_StefanieDumberger_A3
A8: 60484 | B8: Ecosense_DouglasFirPlot | C8: DouglasFir_Pure_8_+130cm_S | D8: Sapflow | F8: Selected Value | G8: =IF(ISBLANK(B8),"-","PT60M") -> PT60M | I8: LeaDedden_A2_StefanieDumberger_A3
A9: 60485 | B9: Ecosense_DouglasFirPlot | C9: DouglasFir_Pure_7_+130cm_S | D9: Sapflow | F9: Selected Value | G9: =IF(ISBLANK(B9),"-","PT60M") -> PT60M | I9: LeaDedden_A2_StefanieDumberger_A3
A10: 60486 | B10: Ecosense_DouglasFirPlot | C10: DouglasFir_Pure_6_+130cm_S | D10: Sapflow | F10: Selected Value | G10: =IF(ISBLANK(B10),"-","PT60M") -> PT60M | I10: LeaDedden_A2_StefanieDumberger_A3
A11: 60487 | B11: Ecosense_DouglasFirPlot | C11: DouglasFir_Pure_1_+130cm_S | D11: Sapflow | F11: Selected Value | G11: =IF(ISBLANK(B11),"-","PT60M") -> PT60M | I11: LeaDedden_A2_StefanieDumberger_A3
A12: 60488 | B12: Ecosense_DouglasFirPlot | C12: DouglasFir_Pure_5_+130cm_S | D12: Sapflow | F12: Selected Value | G12: =IF(ISBLANK(B12),"-","PT60M") -> PT60M | I12: LeaDedden_A2_StefanieDumberger_A3
A13: 60489 | B13: Ecosense_DouglasFirPlot | C13: DouglasFir_Pure_4_+130cm_S | D13: Sapflow | F13: Selected Value | G13: =IF(ISBLANK(B13),"-","PT60M") -> PT60M | I13: LeaDedden_A2_StefanieDumberger_A3
A14: 60490 | B14: Ecosense_DouglasFirPlot | C14: DouglasFir_Pure_3_+130cm_S | D14: Sapflow | F14: Selected Value | G14: =IF(ISBLANK(B14),"-","PT60M") -> PT60M | I14: LeaDedden_A2_StefanieDumberger_A3
A15: 60491 | B15: Ecosense_BeechPlot | C15: Beech_Pure_3_+130cm_S | D15: Sapflow | F15: Selected Value | G15: =IF(ISBLANK(B15),"-","PT60M") -> PT60M | I15: LeaDedden_A2_StefanieDumberger_A3
A16: 60492 | B16: Ecosense_BeechPlot | C16: Beech_Pure_11_+130cm_S | D16: Sapflow | F16: Selected Value | G16: =IF(ISBLANK(B16),"-","PT60M") -> PT60M | I16: LeaDedden_A2_StefanieDumberger_A3
... A57: 60534 | B57: Ecosense_SilverFirPlot | C57: SilverFir_Pure_7_+130cm_S | D57: Sapflow | F57: Selected Value | G57: =IF(ISBLANK(B57),"-","PT60M") -> PT60M | I57: LeaDedden_A2_StefanieDumberger_A3
